/*******************************************************************************
 * Size: 19 px
 * Bpp: 4
 * Opts: --bpp 4 --size 19 --no-compress --font Outfit-Regular.ttf -r 0x20-0x7E,0xA0-0xFF,0x2013-0x2014,0x2018-0x2019,0x201C-0x201D,0x2022,0x2026,0x2039-0x203A,0x20AC,0x2190-0x2193,0x2212,0x2713 --font ../../managed_components/lvgl__lvgl/scripts/generators/built_in_font/DejaVuSans.ttf -r 0x25CF,0x25CB,0x2264,0x2265,0x221E --font ../../managed_components/lvgl__lvgl/scripts/generators/built_in_font/FontAwesome5-Solid+Brands+Regular.woff -r 61441,61448,61451,61452,61453,61457,61459,61461,61465,61468,61473,61478,61479,61480,61502,61507,61512,61515,61516,61517,61521,61522,61523,61524,61543,61544,61550,61552,61553,61556,61559,61560,61561,61563,61587,61589,61636,61637,61639,61641,61664,61671,61674,61683,61724,61732,61787,61931,62016,62017,62018,62019,62020,62087,62099,62212,62189,62810,63426,63650 --format lvgl --lv-include lvgl.h --lv-font-name flex_font_outfit_19 -o ../../components/flex_ui/src/fonts/flex_font_outfit_19.c
 ******************************************************************************/

#ifdef LV_LVGL_H_INCLUDE_SIMPLE
#include "lvgl.h"
#else
#include "lvgl.h"
#endif

#ifndef FLEX_FONT_OUTFIT_19
#define FLEX_FONT_OUTFIT_19 1
#endif

#if FLEX_FONT_OUTFIT_19

/*-----------------
 *    BITMAPS
 *----------------*/

/*Store the image of the glyphs*/
static LV_ATTRIBUTE_LARGE_CONST const uint8_t glyph_bitmap[] = {
    /* U+0020 " " */

    /* U+0021 "!" */
    0x7f, 0x57, 0xf4, 0x6f, 0x46, 0xf3, 0x5f, 0x35,
    0xf3, 0x4f, 0x24, 0xf2, 0x4f, 0x10, 0x20, 0x16,
    0xb, 0xf8, 0x7f, 0x50,

    /* U+0022 "\"" */
    0xaf, 0x28, 0xf4, 0x8f, 0x7, 0xf2, 0x7f, 0x5,
    0xf1, 0x6e, 0x4, 0xf0, 0x26, 0x1, 0x70,

    /* U+0023 "#" */
    0x0, 0x0, 0xda, 0x0, 0xcb, 0x0, 0x0, 0x0,
    0xf7, 0x0, 0xe8, 0x0, 0x0, 0x1, 0xf5, 0x0,
    0xf6, 0x0, 0x0, 0x4, 0xf3, 0x3, 0xf4, 0x0,
    0x8, 0xff, 0xff, 0xff, 0xff, 0xf3, 0x2, 0x5b,
    0xe5, 0x5a, 0xf5, 0x51, 0x0, 0xb, 0xc0, 0xa,
    0xd0, 0x0, 0x1, 0x1d, 0xa1, 0x1c, 0xb1, 0x0,
    0x1f, 0xff, 0xff, 0xff, 0xff, 0xa0, 0x4, 0x6f,
    0x74, 0x5f, 0x84, 0x20, 0x0, 0x5f, 0x10, 0x4f,
    0x20, 0x0, 0x0, 0x8f, 0x0, 0x7f, 0x0, 0x0,
    0x0, 0xac, 0x0, 0x9d, 0x0, 0x0,

    /* U+0024 "$" */
    0x0, 0x0, 0xc8, 0x0, 0x0, 0x0, 0x1d, 0x90,
    0x0, 0x1, 0xbf, 0xff, 0xf8, 0x0, 0xbf, 0x8d,
    0xbc, 0xf7, 0x1f, 0x90, 0xc8, 0x6, 0x3, 0xf9,
    0xc, 0x80, 0x0, 0xf, 0xf6, 0xc8, 0x0, 0x0,
    0x4f, 0xff, 0xb1, 0x0, 0x0, 0x29, 0xff, 0xf8,
    0x0, 0x0, 0xc, 0xcf, 0xf7, 0x0, 0x0, 0xc8,
    0x2f, 0xd0, 0x10, 0xc, 0x80, 0xee, 0x8e, 0x30,
    0xc8, 0x3f, 0xb5, 0xff, 0xbe, 0xdf, 0xf3, 0x3,
    0xae, 0xfe, 0xa2, 0x0, 0x0, 0xc, 0x80, 0x0,
    0x0, 0x0, 0x74, 0x0, 0x0,

    /* U+0025 "%" */
    0x1, 0xbf, 0xd3, 0x0, 0xa, 0xe1, 0xc, 0xd6,
    0xbe, 0x10, 0x5f, 0x60, 0xf, 0x60, 0x2f, 0x41,
    0xeb, 0x0, 0xe, 0xa0, 0x7f, 0x2a, 0xf2, 0x0,
    0x3, 0xff, 0xf7, 0x4f, 0x60, 0x0, 0x0, 0x14,
    0x20, 0xec, 0x0, 0x0, 0x0, 0x0, 0x9, 0xf2,
    0x0, 0x0, 0x0, 0x0, 0x4f, 0x70, 0x0, 0x0,
    0x0, 0x0, 0xdc, 0x9, 0xff, 0x70, 0x0, 0x8,
    0xf3, 0x8f, 0x57, 0xf5, 0x0, 0x3f, 0x80, 0xba,
    0x0, 0xd9, 0x0, 0xdd, 0x0, 0x8e, 0x35, 0xf5,
    0x8, 0xf3, 0x0, 0x8, 0xfe, 0x70,

    /* U+0026 "&" */
    0x0, 0x1a, 0xef, 0xb3, 0x0, 0x0, 0x1, 0xef,
    0xba, 0xff, 0x40, 0x0, 0x6, 0xf7, 0x0, 0x2a,
    0x10, 0x0, 0x8, 0xf2, 0x0, 0x0, 0x0, 0x0,
    0x5, 0xf6, 0x0, 0x0, 0x0, 0x0, 0x0, 0xdf,
    0x30, 0x0, 0x0, 0x0, 0x9, 0xfe, 0xf3, 0x0,
    0x0, 0x0, 0x6f, 0x61, 0xde, 0x20, 0x0, 0x0,
    0xce, 0x0, 0x1e, 0xe2, 0x0, 0x0, 0xde, 0x0,
    0x2, 0xed, 0x10, 0x0, 0xaf, 0x50, 0x0, 0x5f,
    0xd1, 0x0, 0x2e, 0xfc, 0x9c, 0xfe, 0xec, 0x10,
    0x1, 0x9e, 0xfe, 0x91, 0x3f, 0xc0,

    /* U+0027 "'" */
    0xaf, 0x28, 0xf0, 0x7f, 0x6, 0xe0, 0x26, 0x0,

    /* U+0028 "(" */
    0x0, 0x1, 0x60, 0x0, 0xd, 0xd0, 0x0, 0x9e,
    0x10, 0x2, 0xf7, 0x0, 0x8, 0xf0, 0x0, 0xc,
    0xb0, 0x0, 0xf, 0x80, 0x0, 0x1f, 0x70, 0x0,
    0x1f, 0x60, 0x0, 0xf, 0x70, 0x0, 0xe, 0x90,
    0x0, 0xa, 0xe0, 0x0, 0x5, 0xf3, 0x0, 0x0,
    0xdc, 0x0, 0x0, 0x4f, 0x70, 0x0, 0x7, 0xd0,
    0x0, 0x0, 0x0,

    /* U+0029 ")" */
    0x7, 0x0, 0x2, 0xfa, 0x0, 0x4, 0xf5, 0x0,
    0xb, 0xd0, 0x0, 0x4f, 0x40, 0x0, 0xf8, 0x0,
    0xc, 0xb0, 0x0, 0xbd, 0x0, 0xa, 0xd0, 0x0,
    0xcc, 0x0, 0xd, 0xa0, 0x2, 0xf6, 0x0, 0x7f,
    0x10, 0x1e, 0x90, 0xb, 0xe1, 0x2, 0xe4, 0x0,
    0x0, 0x0, 0x0,

    /* U+002A "*" */
    0x0, 0x0, 0x0, 0x0, 0x0, 0x7, 0x0, 0xc9,
    0x0, 0x4, 0xf9, 0x2f, 0x40, 0x0, 0x3, 0xed,
    0x90, 0x0, 0x0, 0x6c, 0xff, 0xff, 0x30, 0xdf,
    0x6c, 0x53, 0x71, 0x3, 0x10, 0xb9, 0x0, 0x0,
    0x0, 0x9, 0xa0, 0x0,

    /* U+002B "+" */
    0x0, 0x2, 0x30, 0x0, 0x0, 0x0, 0xaf, 0x0,
    0x0, 0x0, 0xa, 0xf0, 0x0, 0x0, 0x0, 0xaf,
    0x0, 0x0, 0xef, 0xff, 0xff, 0xff, 0x27, 0x88,
    0xdf, 0x88, 0x81, 0x0, 0xa, 0xf0, 0x0, 0x0,
    0x0, 0xaf, 0x0, 0x0, 0x0, 0xa, 0xf0, 0x0,
    0x0,

    /* U+002C "," */
    0x3e, 0xa0, 0x7f, 0xf0, 0xd, 0x90, 0x3f, 0x10,
    0x46, 0x0,

    /* U+002D "-" */
    0x69, 0x99, 0x99, 0x4c, 0xff, 0xff, 0xf8,

    /* U+002E "." */
    0x5, 0x26, 0xfe, 0x3e, 0xa0,

    /* U+002F "/" */
    0x0, 0x0, 0x4, 0x70, 0x0, 0x0, 0xd, 0xc0,
    0x0, 0x0, 0x2f, 0x60, 0x0, 0x0, 0x8f, 0x10,
    0x0, 0x0, 0xea, 0x0, 0x0, 0x4, 0xf5, 0x0,
    0x0, 0xa, 0xe0, 0x0, 0x0, 0xf, 0x90, 0x0,
    0x0, 0x5f, 0x30, 0x0, 0x0, 0xbd, 0x0, 0x0,
    0x1, 0xf8, 0x0, 0x0, 0x7, 0xf2, 0x0, 0x0,
    0xd, 0xc0, 0x0, 0x0, 0x3f, 0x60, 0x0, 0x0,
    0x8f, 0x10, 0x0, 0x0,

    /* U+0030 "0" */
    0x0, 0x2, 0xae, 0xfc, 0x60, 0x0, 0x0, 0x4f,
    0xfb, 0xae, 0xfa, 0x0, 0x1, 0xfe, 0x20, 0x0,
    0x9f, 0x70, 0x8, 0xf5, 0x0, 0x0, 0xd, 0xf0,
    0xe, 0xe0, 0x0, 0x0, 0x7, 0xf5, 0xf, 0xc0,
    0x0, 0x0, 0x4, 0xf7, 0x1f, 0xb0, 0x0, 0x0,
    0x3, 0xf8, 0xf, 0xc0, 0x0, 0x0, 0x4, 0xf7,
    0xd, 0xe0, 0x0, 0x0, 0x7, 0xf5, 0x8, 0xf5,
    0x0, 0x0, 0xd, 0xf0, 0x1, 0xee, 0x30, 0x0,
    0x9f, 0x70, 0x0, 0x4f, 0xfc, 0xbe, 0xfa, 0x0,
    0x0, 0x2, 0xae, 0xfc, 0x60, 0x0,

    /* U+0031 "1" */
    0x6f, 0xff, 0xf0, 0x39, 0x9e, 0xf0, 0x0, 0xb,
    0xf0, 0x0, 0xb, 0xf0, 0x0, 0xb, 0xf0, 0x0,
    0xb, 0xf0, 0x0, 0xb, 0xf0, 0x0, 0xb, 0xf0,
    0x0, 0xb, 0xf0, 0x0, 0xb, 0xf0, 0x0, 0xb,
    0xf0, 0x0, 0xb, 0xf0, 0x0, 0xb, 0xf0,

    /* U+0032 "2" */
    0x0, 0x4b, 0xef, 0xc5, 0x0, 0x6, 0xff, 0xbb,
    0xff, 0x70, 0x1f, 0xc1, 0x0, 0x1e, 0xe0, 0x3,
    0x10, 0x0, 0xa, 0xf2, 0x0, 0x0, 0x0, 0xb,
    0xf0, 0x0, 0x0, 0x0, 0x4f, 0xc0, 0x0, 0x0,
    0x2, 0xef, 0x30, 0x0, 0x0, 0x2e, 0xf5, 0x0,
    0x0, 0x2, 0xef, 0x50, 0x0, 0x0, 0x1d, 0xf5,
    0x0, 0x0, 0x1, 0xdf, 0x50, 0x0, 0x0, 0x1d,
    0xfd, 0x99, 0x99, 0x94, 0x6f, 0xff, 0xff, 0xff,
    0xf7,

    /* U+0033 "3" */
    0xc, 0xff, 0xff, 0xff, 0xf3, 0x7, 0x99, 0x99,
    0xdf, 0xc0, 0x0, 0x0, 0x4, 0xfd, 0x10, 0x0,
    0x0, 0x2f, 0xd1, 0x0, 0x0, 0x2, 0xee, 0x20,
    0x0, 0x0, 0xb, 0xff, 0xd7, 0x0, 0x0, 0x3,
    0x34, 0xbf, 0x90, 0x0, 0x0, 0x0, 0xc, 0xf1,
    0x0, 0x0, 0x0, 0x7, 0xf5, 0x0, 0x0, 0x0,
    0x9, 0xf4, 0xb, 0x50, 0x0, 0x3f, 0xf0, 0x2e,
    0xfd, 0xac, 0xff, 0x50, 0x1, 0x9d, 0xfe, 0xb3,
    0x0,

    /* U+0034 "4" */
    0x0, 0x0, 0xd, 0xf2, 0x0, 0x0, 0x0, 0x6,
    0xf9, 0x0, 0x0, 0x0, 0x0, 0xee, 0x10, 0x0,
    0x0, 0x0, 0x8f, 0x60, 0x0, 0x0, 0x0, 0x2f,
    0xd0, 0xf, 0xd0, 0x0, 0xa, 0xf4, 0x0, 0xfd,
    0x0, 0x4, 0xfb, 0x0, 0xf, 0xd0, 0x0, 0xcf,
    0x20, 0x0, 0xfd, 0x0, 0x4f, 0xff, 0xff, 0xff,
    0xff, 0xb3, 0x99, 0x99, 0x99, 0xfe, 0x96, 0x0,
    0x0, 0x0, 0xf, 0xd0, 0x0, 0x0, 0x0, 0x0,
    0xfd, 0x0, 0x0, 0x0, 0x0, 0xf, 0xd0, 0x0,

    /* U+0035 "5" */
    0x2, 0xff, 0xff, 0xff, 0xd0, 0x3, 0xfb, 0x99,
    0x99, 0x70, 0x5, 0xf4, 0x0, 0x0, 0x0, 0x6,
    0xf2, 0x0, 0x0, 0x0, 0x8, 0xf1, 0x1, 0x0,
    0x0, 0xa, 0xfc, 0xff, 0xe8, 0x0, 0x5, 0xe8,
    0x56, 0xcf, 0xb0, 0x0, 0x0, 0x0, 0xb, 0xf3,
    0x0, 0x0, 0x0, 0x6, 0xf7, 0x0, 0x0, 0x0,
    0x7, 0xf6, 0xa, 0x40, 0x0, 0x2e, 0xf2, 0x2e,
    0xfc, 0xac, 0xff, 0x70, 0x1, 0x9d, 0xfe, 0xb4,
    0x0,

    /* U+0036 "6" */
    0x0, 0x0, 0x8, 0xf8, 0x0, 0x0, 0x0, 0x4f,
    0xa0, 0x0, 0x0, 0x1, 0xed, 0x0, 0x0, 0x0,
    0xb, 0xe2, 0x0, 0x0, 0x0, 0x7f, 0xef, 0xe9,
    0x10, 0x3, 0xff, 0x86, 0xaf, 0xd0, 0xc, 0xf3,
    0x0, 0x7, 0xf8, 0x1f, 0xa0, 0x0, 0x0, 0xfd,
    0x3f, 0x90, 0x0, 0x0, 0xde, 0x1f, 0xc0, 0x0,
    0x1, 0xfc, 0xc, 0xf6, 0x0, 0xa, 0xf6, 0x2,
    0xef, 0xca, 0xef, 0xa0, 0x0, 0x19, 0xef, 0xd6,
    0x0,

    /* U+0037 "7" */
    0x6f, 0xff, 0xff, 0xff, 0xf5, 0x39, 0x99, 0x99,
    0x9e, 0xf3, 0x0, 0x0, 0x0, 0xf, 0xc0, 0x0,
    0x0, 0x0, 0x6f, 0x60, 0x0, 0x0, 0x0, 0xdf,
    0x0, 0x0, 0x0, 0x4, 0xf9, 0x0, 0x0, 0x0,
    0xa, 0xf2, 0x0, 0x0, 0x0, 0x1f, 0xc0, 0x0,
    0x0, 0x0, 0x7f, 0x50, 0x0, 0x0, 0x0, 0xee,
    0x0, 0x0, 0x0, 0x5, 0xf8, 0x0, 0x0, 0x0,
    0xb, 0xf2, 0x0, 0x0, 0x0, 0x2f, 0xb0, 0x0,
    0x0,

    /* U+0038 "8" */
    0x0, 0x2a, 0xef, 0xd6, 0x0, 0x2, 0xff, 0x98,
    0xdf, 0x80, 0x8, 0xf4, 0x0, 0xd, 0xf0, 0x8,
    0xf2, 0x0, 0xb, 0xf0, 0x2, 0xfc, 0x31, 0x6f,
    0x90, 0x0, 0x5f, 0xff, 0xfc, 0x0, 0x3, 0xfd,
    0x65, 0x9f, 0xa0, 0xd, 0xe0, 0x0, 0x7, 0xf4,
    0x2f, 0x90, 0x0, 0x2, 0xf9, 0x2f, 0xa0, 0x0,
    0x3, 0xf9, 0xe, 0xf3, 0x0, 0xb, 0xf5, 0x4,
    0xff, 0xba, 0xdf, 0xb0, 0x0, 0x3b, 0xef, 0xd7,
    0x0,

    /* U+0039 "9" */
    0x0, 0x19, 0xef, 0xd7, 0x0, 0x2, 0xef, 0xca,
    0xdf, 0xc0, 0xd, 0xf5, 0x0, 0x9, 0xf7, 0x2f,
    0xa0, 0x0, 0x0, 0xfd, 0x3f, 0x90, 0x0, 0x0,
    0xde, 0x1f, 0xd0, 0x0, 0x3, 0xfc, 0x8, 0xfc,
    0x31, 0x5e, 0xf7, 0x0, 0x8f, 0xff, 0xff, 0xd0,
    0x0, 0x0, 0x34, 0xff, 0x30, 0x0, 0x0, 0xb,
    0xf7, 0x0, 0x0, 0x0, 0x7f, 0xb0, 0x0, 0x0,
    0x2, 0xfe, 0x10, 0x0, 0x0, 0xd, 0xf3, 0x0,
    0x0,

    /* U+003A ":" */
    0x5, 0x19, 0xfb, 0x5f, 0x70, 0x0, 0x0, 0x0,
    0x0, 0x16, 0x19, 0xfb, 0x5f, 0x70,

    /* U+003B ";" */
    0x5, 0x19, 0xfb, 0x5f, 0x70, 0x0, 0x0, 0x0,
    0x0, 0x7, 0x28, 0xfd, 0x4f, 0xb1, 0xf3, 0x8a,
    0x0, 0x10,

    /* U+003C "<" */
    0x0, 0x0, 0x0, 0x1, 0x0, 0x0, 0x0, 0x29,
    0xf2, 0x0, 0x4, 0xbf, 0xf9, 0x10, 0x6d, 0xfd,
    0x71, 0x0, 0xdf, 0xc4, 0x0, 0x0, 0x7, 0xef,
    0xb4, 0x0, 0x0, 0x0, 0x6d, 0xfd, 0x71, 0x0,
    0x0, 0x4, 0xbf, 0xf2, 0x0, 0x0, 0x0, 0x29,
    0x20,

    /* U+003D "=" */
    0xef, 0xff, 0xff, 0xff, 0x27, 0x88, 0x88, 0x88,
    0x81, 0x0, 0x0, 0x0, 0x0, 0x0, 0x0, 0x0,
    0x0, 0x0, 0x78, 0x88, 0x88, 0x88, 0x1e, 0xff,
    0xff, 0xff, 0xf2,

    /* U+003E ">" */
    0x20, 0x0, 0x0, 0x0, 0xd, 0xb4, 0x0, 0x0,
    0x0, 0x7e, 0xfd, 0x60, 0x0, 0x0, 0x5, 0xbf,
    0xf8, 0x20, 0x0, 0x0, 0x29, 0xff, 0x20, 0x0,
    0x29, 0xff, 0xa1, 0x5, 0xcf, 0xf8, 0x10, 0xc,
    0xfd, 0x60, 0x0, 0x0, 0xa4, 0x0, 0x0, 0x0,
    0x0,

    /* U+003F "?" */
    0x0, 0x17, 0x98, 0x40, 0x0, 0x5f, 0xff, 0xff,
    0xa0, 0xf, 0xd4, 0x2, 0xcf, 0x50, 0x32, 0x0,
    0x3, 0xf9, 0x0, 0x0, 0x0, 0x3f, 0x80, 0x0,
    0x0, 0x2c, 0xf3, 0x0, 0x0, 0xdf, 0xf5, 0x0,
    0x0, 0xd, 0xc0, 0x0, 0x0, 0x0, 0xdb, 0x0,
    0x0, 0x0, 0x7, 0x50, 0x0, 0x0, 0x0, 0x0,
    0x0, 0x0, 0x0, 0x5, 0x30, 0x0, 0x0, 0x4,
    0xff, 0x0, 0x0, 0x0, 0x2e, 0xc0, 0x0,

    /* U+0040 "@" */
    0x0, 0x0, 0x0, 0x0, 0x0, 0x0, 0x0, 0x0,
    0x6c, 0xff, 0xe9, 0x20, 0x0, 0x1, 0xcf, 0x95,
    0x46, 0xbf, 0x40, 0x0, 0xcd, 0x20, 0x0, 0x0,
    0x7f, 0x20, 0x6f, 0x20, 0x8e, 0xdc, 0xb0, 0xba,
    0xc, 0xb0, 0x6e, 0x45, 0xfc, 0x5, 0xf0, 0xf8,
    0xc, 0x80, 0xa, 0xc0, 0x3f, 0x2f, 0x80, 0xc7,
    0x0, 0xac, 0x2, 0xf3, 0xda, 0x8, 0xd2, 0x3f,
    0xc0, 0x4f, 0x28, 0xf1, 0xc, 0xff, 0xef, 0xff,
    0xd0, 0x1e, 0xb0, 0x2, 0x11, 0x33, 0x32, 0x0,
    0x3e, 0xc5, 0x21, 0x39, 0xc1, 0x0, 0x0, 0x1a,
    0xff, 0xff, 0xd5, 0x0, 0x0, 0x0, 0x0, 0x23,
    0x10, 0x0, 0x0,

    /* U+0041 "A" */
    0x0, 0x0, 0x3, 0xf7, 0x0, 0x0, 0x0, 0x0,
    0x0, 0xaf, 0xe0, 0x0, 0x0, 0x0, 0x0, 0x1f,
    0xff, 0x50, 0x0, 0x0, 0x0, 0x7, 0xf7, 0xfb,
    0x0, 0x0, 0x0, 0x0, 0xde, 0xb, 0xf2, 0x0,
    0x0, 0x0, 0x4f, 0x80, 0x4f, 0x80, 0x0, 0x0,
    0xb, 0xf1, 0x0, 0xee, 0x0, 0x0, 0x2, 0xfb,
    0x0, 0x7, 0xf6, 0x0, 0x0, 0x8f, 0xb8, 0x88,
    0x9f, 0xc0, 0x0, 0xe, 0xff, 0xff, 0xff, 0xff,
    0x30, 0x5, 0xf7, 0x0, 0x0, 0x4, 0xf9, 0x0,
    0xcf, 0x10, 0x0, 0x0, 0xe, 0xf1, 0x3f, 0xa0,
    0x0, 0x0, 0x0, 0x7f, 0x70,

    /* U+0042 "B" */
    0x7f, 0xff, 0xff, 0xe8, 0x0, 0x7f, 0xa8, 0x88,
    0xcf, 0xc0, 0x7f, 0x50, 0x0, 0xa, 0xf4, 0x7f,
    0x50, 0x0, 0x6, 0xf5, 0x7f, 0x50, 0x0, 0xa,
    0xf2, 0x7f, 0xa8, 0x88, 0xbf, 0x80, 0x7f, 0xff,
    0xff, 0xff, 0x60, 0x7f, 0x50, 0x0, 0x2b, 0xf6,
    0x7f, 0x50, 0x0, 0x0, 0xfd, 0x7f, 0x50, 0x0,
    0x0, 0xef, 0x7f, 0x50, 0x0, 0x4, 0xfc, 0x7f,
    0xa8, 0x88, 0xaf, 0xf3, 0x7f, 0xff, 0xff, 0xea,
    0x30,

    /* U+0043 "C" */
    0x0, 0x0, 0x4a, 0xef, 0xeb, 0x50, 0x0, 0x0,
    0xaf, 0xfc, 0xbc, 0xff, 0xb1, 0x0, 0xbf, 0xb1,
    0x0, 0x1, 0x9b, 0x0, 0x5f, 0xb0, 0x0, 0x0,
    0x0, 0x0, 0xc, 0xf2, 0x0, 0x0, 0x0, 0x0,
    0x0, 0xfd, 0x0, 0x0, 0x0, 0x0, 0x0, 0x1f,
    0xc0, 0x0, 0x0, 0x0, 0x0, 0x0, 0xfd, 0x0,
    0x0, 0x0, 0x0, 0x0, 0xc, 0xf2, 0x0, 0x0,
    0x0, 0x0, 0x0, 0x5f, 0xb0, 0x0, 0x0, 0x0,
    0x0, 0x0, 0xbf, 0xb1, 0x0, 0x0, 0x8c, 0x10,
    0x0, 0xaf, 0xfc, 0xbc, 0xff, 0xc1, 0x0, 0x0,
    0x4a, 0xef, 0xeb, 0x50, 0x0,

    /* U+0044 "D" */
    0x7f, 0xff, 0xff, 0xea, 0x40, 0x0, 0x7, 0xfb,
    0x99, 0x9b, 0xff, 0xb0, 0x0, 0x7f, 0x50, 0x0,
    0x1, 0xaf, 0xb0, 0x7, 0xf5, 0x0, 0x0, 0x0,
    0xaf, 0x60, 0x7f, 0x50, 0x0, 0x0, 0x1, 0xfd,
    0x7, 0xf5, 0x0, 0x0, 0x0, 0xc, 0xf0, 0x7f,
    0x50, 0x0, 0x0, 0x0, 0xbf, 0x17, 0xf5, 0x0,
    0x0, 0x0, 0xc, 0xf0, 0x7f, 0x50, 0x0, 0x0,
    0x1, 0xfc, 0x7, 0xf5, 0x0, 0x0, 0x0, 0xaf,
    0x60, 0x7f, 0x50, 0x0, 0x1, 0xaf, 0xb0, 0x7,
    0xfb, 0x99, 0x9b, 0xff, 0xb0, 0x0, 0x7f, 0xff,
    0xff, 0xeb, 0x50, 0x0, 0x0,

    /* U+0045 "E" */
    0x7f, 0xff, 0xff, 0xff, 0xf3, 0x7f, 0xb9, 0x99,
    0x99, 0x92, 0x7f, 0x50, 0x0, 0x0, 0x0, 0x7f,
    0x50, 0x0, 0x0, 0x0, 0x7f, 0x50, 0x0, 0x0,
    0x0, 0x7f, 0xa8, 0x88, 0x88, 0x50, 0x7f, 0xff,
    0xff, 0xff, 0xb0, 0x7f, 0x50, 0x0, 0x0, 0x0,
    0x7f, 0x50, 0x0, 0x0, 0x0, 0x7f, 0x50, 0x0,
    0x0, 0x0, 0x7f, 0x50, 0x0, 0x0, 0x0, 0x7f,
    0xb9, 0x99, 0x99, 0x93, 0x7f, 0xff, 0xff, 0xff,
    0xf5,

    /* U+0046 "F" */
    0x7f, 0xff, 0xff, 0xff, 0xf7, 0xfb, 0x99, 0x99,
    0x99, 0x7f, 0x50, 0x0, 0x0, 0x7, 0xf5, 0x0,
    0x0, 0x0, 0x7f, 0x50, 0x0, 0x0, 0x7, 0xf5,
    0x0, 0x0, 0x0, 0x7f, 0xff, 0xff, 0xff, 0xa7,
    0xfb, 0x99, 0x99, 0x96, 0x7f, 0x50, 0x0, 0x0,
    0x7, 0xf5, 0x0, 0x0, 0x0, 0x7f, 0x50, 0x0,
    0x0, 0x7, 0xf5, 0x0, 0x0, 0x0, 0x7f, 0x50,
    0x0, 0x0, 0x0,

    /* U+0047 "G" */
    0x0, 0x0, 0x4a, 0xef, 0xeb, 0x60, 0x0, 0x0,
    0xa, 0xff, 0xcb, 0xcf, 0xfd, 0x10, 0x0, 0xaf,
    0xb2, 0x0, 0x0, 0x8f, 0x70, 0x5, 0xfb, 0x0,
    0x0, 0x0, 0x2, 0x0, 0xc, 0xf2, 0x0, 0x0,
    0x0, 0x0, 0x0, 0xf, 0xd0, 0x0, 0x0, 0x0,
    0x0, 0x0, 0x1f, 0xc0, 0x0, 0x9, 0xff, 0xff,
    0xfd, 0xf, 0xd0, 0x0, 0x5, 0x99, 0x9a, 0xfb,
    0xc, 0xf2, 0x0, 0x0, 0x0, 0x4, 0xf8, 0x5,
    0xfb, 0x0, 0x0, 0x0, 0xc, 0xf3, 0x0, 0xaf,
    0xb1, 0x0, 0x1, 0xaf, 0xa0, 0x0, 0xa, 0xff,
    0xcb, 0xdf, 0xfb, 0x0, 0x0, 0x0, 0x4a, 0xef,
    0xeb, 0x50, 0x0,

    /* U+0048 "H" */
    0x7f, 0x50, 0x0, 0x0, 0xf, 0xd7, 0xf5, 0x0,
    0x0, 0x0, 0xfd, 0x7f, 0x50, 0x0, 0x0, 0xf,
    0xd7, 0xf5, 0x0, 0x0, 0x0, 0xfd, 0x7f, 0x50,
    0x0, 0x0, 0xf, 0xd7, 0xfb, 0x99, 0x99, 0x99,
    0xfd, 0x7f, 0xff, 0xff, 0xff, 0xff, 0xd7, 0xf5,
    0x0, 0x0, 0x0, 0xfd, 0x7f, 0x50, 0x0, 0x0,
    0xf, 0xd7, 0xf5, 0x0, 0x0, 0x0, 0xfd, 0x7f,
    0x50, 0x0, 0x0, 0xf, 0xd7, 0xf5, 0x0, 0x0,
    0x0, 0xfd, 0x7f, 0x50, 0x0, 0x0, 0xf, 0xd0,

    /* U+0049 "I" */
    0x7f, 0x57, 0xf5, 0x7f, 0x57, 0xf5, 0x7f, 0x57,
    0xf5, 0x7f, 0x57, 0xf5, 0x7f, 0x57, 0xf5, 0x7f,
    0x57, 0xf5, 0x7f, 0x50,

    /* U+004A "J" */
    0x0, 0x0, 0x0, 0xcf, 0x0, 0x0, 0x0, 0xcf,
    0x0, 0x0, 0x0, 0xcf, 0x0, 0x0, 0x0, 0xcf,
    0x0, 0x0, 0x0, 0xcf, 0x0, 0x0, 0x0, 0xcf,
    0x0, 0x0, 0x0, 0xcf, 0x0, 0x0, 0x0, 0xcf,
    0x0, 0x0, 0x0, 0xcf, 0x0, 0x0, 0x0, 0xee,
    0x6, 0x20, 0x5, 0xfa, 0x2f, 0xfb, 0xcf, 0xf2,
    0x3, 0xbf, 0xfb, 0x20,

    /* U+004B "K" */
    0x7f, 0x50, 0x0, 0x1, 0xdf, 0x60, 0x7f, 0x50,
    0x0, 0x2d, 0xf5, 0x0, 0x7f, 0x50, 0x2, 0xef,
    0x40, 0x0, 0x7f, 0x50, 0x2e, 0xf4, 0x0, 0x0,
    0x7f, 0x53, 0xee, 0x30, 0x0, 0x0, 0x7f, 0x9f,
    0xe2, 0x0, 0x0, 0x0, 0x7f, 0xef, 0xa0, 0x0,
    0x0, 0x0, 0x7f, 0x5a, 0xfa, 0x0, 0x0, 0x0,
    0x7f, 0x50, 0xaf, 0x90, 0x0, 0x0, 0x7f, 0x50,
    0xb, 0xf9, 0x0, 0x0, 0x7f, 0x50, 0x0, 0xbf,
    0x90, 0x0, 0x7f, 0x50, 0x0, 0xb, 0xf9, 0x0,
    0x7f, 0x50, 0x0, 0x0, 0xbf, 0x90,

    /* U+004C "L" */
    0x7f, 0x50, 0x0, 0x0, 0x7, 0xf5, 0x0, 0x0,
    0x0, 0x7f, 0x50, 0x0, 0x0, 0x7, 0xf5, 0x0,
    0x0, 0x0, 0x7f, 0x50, 0x0, 0x0, 0x7, 0xf5,
    0x0, 0x0, 0x0, 0x7f, 0x50, 0x0, 0x0, 0x7,
    0xf5, 0x0, 0x0, 0x0, 0x7f, 0x50, 0x0, 0x0,
    0x7, 0xf5, 0x0, 0x0, 0x0, 0x7f, 0x50, 0x0,
    0x0, 0x7, 0xfb, 0x99, 0x99, 0x98, 0x7f, 0xff,
    0xff, 0xff, 0xd0,

    /* U+004D "M" */
    0x7f, 0x20, 0x0, 0x0, 0x0, 0x3, 0xf6, 0x7f,
    0xb0, 0x0, 0x0, 0x0, 0xc, 0xf6, 0x7f, 0xf5,
    0x0, 0x0, 0x0, 0x6f, 0xf6, 0x7f, 0xfe, 0x10,
    0x0, 0x1, 0xef, 0xf6, 0x7f, 0x9f, 0x90, 0x0,
    0xa, 0xf9, 0xf6, 0x7f, 0x5a, 0xf3, 0x0, 0x4f,
    0x96, 0xf6, 0x7f, 0x51, 0xed, 0x0, 0xde, 0x6,
    0xf6, 0x7f, 0x50, 0x6f, 0x77, 0xf5, 0x6, 0xf6,
    0x7f, 0x50, 0xc, 0xff, 0xb0, 0x6, 0xf6, 0x7f,
    0x50, 0x2, 0xff, 0x20, 0x6, 0xf6, 0x7f, 0x50,
    0x0, 0x33, 0x0, 0x6, 0xf6, 0x7f, 0x50, 0x0,
    0x0, 0x0, 0x6, 0xf6, 0x7f, 0x50, 0x0, 0x0,
    0x0, 0x6, 0xf6,

    /* U+004E "N" */
    0x7f, 0x30, 0x0, 0x0, 0xd, 0xf7, 0xfe, 0x10,
    0x0, 0x0, 0xdf, 0x7f, 0xfb, 0x0, 0x0, 0xd,
    0xf7, 0xfd, 0xf7, 0x0, 0x0, 0xdf, 0x7f, 0x5c,
    0xf3, 0x0, 0xd, 0xf7, 0xf5, 0x1e, 0xe1, 0x0,
    0xdf, 0x7f, 0x50, 0x4f, 0xb0, 0xd, 0xf7, 0xf5,
    0x0, 0x8f, 0x80, 0xdf, 0x7f, 0x50, 0x0, 0xbf,
    0x4d, 0xf7, 0xf5, 0x0, 0x1, 0xee, 0xef, 0x7f,
    0x50, 0x0, 0x3, 0xff, 0xf7, 0xf5, 0x0, 0x0,
    0x7, 0xff, 0x7f, 0x50, 0x0, 0x0, 0xb, 0xf0,

    /* U+004F "O" */
    0x0, 0x0, 0x4a, 0xef, 0xea, 0x40, 0x0, 0x0,
    0x0, 0xaf, 0xfc, 0xbc, 0xff, 0xb0, 0x0, 0x0,
    0xbf, 0xb1, 0x0, 0x1, 0xaf, 0xb0, 0x0, 0x5f,
    0xb0, 0x0, 0x0, 0x0, 0xaf, 0x60, 0xc, 0xf2,
    0x0, 0x0, 0x0, 0x1, 0xfd, 0x0, 0xfd, 0x0,
    0x0, 0x0, 0x0, 0xc, 0xf1, 0x1f, 0xc0, 0x0,
    0x0, 0x0, 0x0, 0xaf, 0x20, 0xfd, 0x0, 0x0,
    0x0, 0x0, 0xc, 0xf1, 0xc, 0xf2, 0x0, 0x0,
    0x0, 0x1, 0xfd, 0x0, 0x5f, 0xb0, 0x0, 0x0,
    0x0, 0xaf, 0x60, 0x0, 0xaf, 0xb1, 0x0, 0x1,
    0xaf, 0xb0, 0x0, 0x0, 0xaf, 0xfc, 0xbc, 0xff,
    0xb1, 0x0, 0x0, 0x0, 0x4a, 0xef, 0xeb, 0x50,
    0x0, 0x0,

    /* U+0050 "P" */
    0x7f, 0xff, 0xff, 0xd8, 0x0, 0x7f, 0xa8, 0x88,
    0xcf, 0xc0, 0x7f, 0x50, 0x0, 0x9, 0xf6, 0x7f,
    0x50, 0x0, 0x2, 0xfa, 0x7f, 0x50, 0x0, 0x2,
    0xfa, 0x7f, 0x50, 0x0, 0x9, 0xf6, 0x7f, 0xa8,
    0x88, 0xcf, 0xc0, 0x7f, 0xff, 0xff, 0xd8, 0x0,
    0x7f, 0x50, 0x0, 0x0, 0x0, 0x7f, 0x50, 0x0,
    0x0, 0x0, 0x7f, 0x50, 0x0, 0x0, 0x0, 0x7f,
    0x50, 0x0, 0x0, 0x0, 0x7f, 0x50, 0x0, 0x0,
    0x0,

    /* U+0051 "Q" */
    0x0, 0x0, 0x4a, 0xef, 0xea, 0x40, 0x0, 0x0,
    0x0, 0xa, 0xff, 0xcb, 0xcf, 0xfb, 0x0, 0x0,
    0x0, 0xaf, 0xb1, 0x0, 0x1, 0xaf, 0xc0, 0x0,
    0x5, 0xfb, 0x0, 0x0, 0x0, 0xa, 0xf7, 0x0,
    0xc, 0xf2, 0x0, 0x0, 0x0, 0x1, 0xfd, 0x0,
    0xf, 0xd0, 0x0, 0x0, 0x0, 0x0, 0xcf, 0x10,
    0x1f, 0xc0, 0x0, 0x0, 0x10, 0x0, 0xbf, 0x20,
    0xf, 0xd0, 0x0, 0x1, 0xdb, 0x0, 0xcf, 0x10,
    0xc, 0xf2, 0x0, 0x0, 0x8f, 0xb2, 0xfd, 0x0,
    0x5, 0xfb, 0x0, 0x0, 0x7, 0xff, 0xf6, 0x0,
    0x0, 0xaf, 0xb1, 0x0, 0x1, 0xdf, 0xf1, 0x0,
    0x0, 0xa, 0xff, 0xcb, 0xdf, 0xfc, 0xfd, 0x10,
    0x0, 0x0, 0x4a, 0xef, 0xeb, 0x50, 0x6f, 0xc0,
    0x0, 0x0, 0x0, 0x0, 0x0, 0x0, 0x5, 0x30,

    /* U+0052 "R" */
    0x7f, 0xff, 0xff, 0xd8, 0x0, 0x7, 0xfa, 0x88,
    0x8c, 0xfb, 0x0, 0x7f, 0x50, 0x0, 0xa, 0xf4,
    0x7, 0xf5, 0x0, 0x0, 0x5f, 0x70, 0x7f, 0x50,
    0x0, 0x7, 0xf6, 0x7, 0xf6, 0x11, 0x25, 0xef,
    0x10, 0x7f, 0xff, 0xff, 0xfd, 0x40, 0x7, 0xf8,
    0x7f, 0xe3, 0x0, 0x0, 0x7f, 0x50, 0x8f, 0xa0,
    0x0, 0x7, 0xf5, 0x0, 0xbf, 0x80, 0x0, 0x7f,
    0x50, 0x0, 0xdf, 0x50, 0x7, 0xf5, 0x0, 0x2,
    0xef, 0x30, 0x7f, 0x50, 0x0, 0x4, 0xfe, 0x10,

    /* U+0053 "S" */
    0x0, 0x18, 0xdf, 0xea, 0x20, 0x0, 0xdf, 0xda,
    0xcf, 0xf4, 0x6, 0xf9, 0x0, 0x3, 0xa0, 0x8,
    0xf4, 0x0, 0x0, 0x0, 0x5, 0xfb, 0x10, 0x0,
    0x0, 0x0, 0xbf, 0xf9, 0x30, 0x0, 0x0, 0x6,
    0xdf, 0xfc, 0x30, 0x0, 0x0, 0x3, 0xaf, 0xf2,
    0x0, 0x0, 0x0, 0x7, 0xf8, 0x1, 0x0, 0x0,
    0x2, 0xfa, 0x1e, 0xa0, 0x0, 0x8, 0xf8, 0xb,
    0xff, 0xba, 0xdf, 0xe1, 0x0, 0x6c, 0xef, 0xd8,
    0x10,

    /* U+0054 "T" */
    0x7f, 0xff, 0xff, 0xff, 0xff, 0xf5, 0x49, 0x99,
    0x9f, 0xe9, 0x99, 0x92, 0x0, 0x0, 0xf, 0xd0,
    0x0, 0x0, 0x0, 0x0, 0xf, 0xd0, 0x0, 0x0,
    0x0, 0x0, 0xf, 0xd0, 0x0, 0x0, 0x0, 0x0,
    0xf, 0xd0, 0x0, 0x0, 0x0, 0x0, 0xf, 0xd0,
    0x0, 0x0, 0x0, 0x0, 0xf, 0xd0, 0x0, 0x0,
    0x0, 0x0, 0xf, 0xd0, 0x0, 0x0, 0x0, 0x0,
    0xf, 0xd0, 0x0, 0x0, 0x0, 0x0, 0xf, 0xd0,
    0x0, 0x0, 0x0, 0x0, 0xf, 0xd0, 0x0, 0x0,
    0x0, 0x0, 0xf, 0xd0, 0x0, 0x0,

    /* U+0055 "U" */
    0x9f, 0x30, 0x0, 0x0, 0x3f, 0x99, 0xf3, 0x0,
    0x0, 0x3, 0xf9, 0x9f, 0x30, 0x0, 0x0, 0x3f,
    0x99, 0xf3, 0x0, 0x0, 0x3, 0xf9, 0x9f, 0x30,
    0x0, 0x0, 0x3f, 0x99, 0xf3, 0x0, 0x0, 0x3,
    0xf9, 0x9f, 0x30, 0x0, 0x0, 0x3f, 0x99, 0xf3,
    0x0, 0x0, 0x3, 0xf9, 0x8f, 0x30, 0x0, 0x0,
    0x4f, 0x85, 0xf8, 0x0, 0x0, 0x8, 0xf5, 0xe,
    0xf5, 0x0, 0x5, 0xfe, 0x0, 0x3f, 0xfd, 0xbd,
    0xff, 0x30, 0x0, 0x29, 0xef, 0xe9, 0x20, 0x0,

    /* U+0056 "V" */
    0x3f, 0xb0, 0x0, 0x0, 0x0, 0xaf, 0x40, 0xcf,
    0x20, 0x0, 0x0, 0x1f, 0xd0, 0x6, 0xf8, 0x0,
    0x0, 0x7, 0xf7, 0x0, 0xf, 0xe0, 0x0, 0x0,
    0xdf, 0x10, 0x0, 0x9f, 0x40, 0x0, 0x3f, 0xa0,
    0x0, 0x2, 0xfb, 0x0, 0xa, 0xf3, 0x0, 0x0,
    0xc, 0xf1, 0x1, 0xfd, 0x0, 0x0, 0x0, 0x5f,
    0x70, 0x6f, 0x60, 0x0, 0x0, 0x0, 0xee, 0xd,
    0xf0, 0x0, 0x0, 0x0, 0x8, 0xf8, 0xf9, 0x0,
    0x0, 0x0, 0x0, 0x2f, 0xff, 0x20, 0x0, 0x0,
    0x0, 0x0, 0xbf, 0xc0, 0x0, 0x0, 0x0, 0x0,
    0x5, 0xf5, 0x0, 0x0, 0x0,

    /* U+0057 "W" */
    0x3f, 0x80, 0x0, 0x0, 0x8f, 0x10, 0x0, 0x0,
    0xed, 0x0, 0xed, 0x0, 0x0, 0xd, 0xf6, 0x0,
    0x0, 0x3f, 0x80, 0x9, 0xf3, 0x0, 0x2, 0xff,
    0xb0, 0x0, 0x8, 0xf3, 0x0, 0x3f, 0x80, 0x0,
    0x7f, 0xcf, 0x10, 0x0, 0xed, 0x0, 0x0, 0xed,
    0x0, 0xc, 0xe4, 0xf6, 0x0, 0x3f, 0x80, 0x0,
    0x9, 0xf2, 0x1, 0xf9, 0xe, 0xb0, 0x8, 0xf3,
    0x0, 0x0, 0x3f, 0x70, 0x6f, 0x40, 0xaf, 0x0,
    0xdd, 0x0, 0x0, 0x0, 0xec, 0xb, 0xe0, 0x5,
    0xf5, 0x2f, 0x80, 0x0, 0x0, 0x9, 0xf3, 0xf9,
    0x0, 0xf, 0xa8, 0xf3, 0x0, 0x0, 0x0, 0x3f,
    0xcf, 0x40, 0x0, 0xaf, 0xdd, 0x0, 0x0, 0x0,
    0x0, 0xef, 0xf0, 0x0, 0x5, 0xff, 0x80, 0x0,
    0x0, 0x0, 0x9, 0xfa, 0x0, 0x0, 0x1f, 0xf3,
    0x0, 0x0, 0x0, 0x0, 0x3f, 0x50, 0x0, 0x0,
    0xbe, 0x0, 0x0, 0x0,

    /* U+0058 "X" */
    0xc, 0xf4, 0x0, 0x0, 0x1, 0xee, 0x10, 0x2f,
    0xe1, 0x0, 0x0, 0xbf, 0x40, 0x0, 0x5f, 0xb0,
    0x0, 0x7f, 0x80, 0x0, 0x0, 0x9f, 0x70, 0x3f,
    0xc0, 0x0, 0x0, 0x0, 0xdf, 0x4d, 0xf2, 0x0,
    0x0, 0x0, 0x2, 0xff, 0xf5, 0x0, 0x0, 0x0,
    0x0, 0xb, 0xff, 0x10, 0x0, 0x0, 0x0, 0x5,
    0xfc, 0xfb, 0x0, 0x0, 0x0, 0x2, 0xfd, 0xa,
    0xf6, 0x0, 0x0, 0x0, 0xdf, 0x20, 0x1e, 0xf2,
    0x0, 0x0, 0x9f, 0x60, 0x0, 0x4f, 0xc0, 0x0,
    0x5f, 0xa0, 0x0, 0x0, 0x9f, 0x80, 0x2f, 0xe1,
    0x0, 0x0, 0x0, 0xdf, 0x30,

    /* U+0059 "Y" */
    0x2f, 0xe0, 0x0, 0x0, 0x4, 0xfc, 0x0, 0x7f,
    0x90, 0x0, 0x0, 0xef, 0x20, 0x0, 0xcf, 0x40,
    0x0, 0x9f, 0x60, 0x0, 0x2, 0xfe, 0x0, 0x4f,
    0xb0, 0x0, 0x0, 0x6, 0xf9, 0xd, 0xf1, 0x0,
    0x0, 0x0, 0xc, 0xfb, 0xf6, 0x0, 0x0, 0x0,
    0x0, 0x2f, 0xfb, 0x0, 0x0, 0x0, 0x0, 0x0,
    0x9f, 0x30, 0x0, 0x0, 0x0, 0x0, 0x9, 0xf3,
    0x0, 0x0, 0x0, 0x0, 0x0, 0x9f, 0x30, 0x0,
    0x0, 0x0, 0x0, 0x9, 0xf3, 0x0, 0x0, 0x0,
    0x0, 0x0, 0x9f, 0x30, 0x0, 0x0, 0x0, 0x0,
    0x9, 0xf3, 0x0, 0x0, 0x0,

    /* U+005A "Z" */
    0xd, 0xff, 0xff, 0xff, 0xff, 0x40, 0x89, 0x99,
    0x99, 0xbf, 0xf1, 0x0, 0x0, 0x0, 0xb, 0xf5,
    0x0, 0x0, 0x0, 0x6, 0xfa, 0x0, 0x0, 0x0,
    0x2, 0xfe, 0x10, 0x0, 0x0, 0x0, 0xdf, 0x40,
    0x0, 0x0, 0x0, 0x8f, 0x80, 0x0, 0x0, 0x0,
    0x4f, 0xd0, 0x0, 0x0, 0x0, 0x1e, 0xf2, 0x0,
    0x0, 0x0, 0xa, 0xf7, 0x0, 0x0, 0x0, 0x5,
    0xfb, 0x0, 0x0, 0x0, 0x1, 0xff, 0xb9, 0x99,
    0x99, 0x91, 0x4f, 0xff, 0xff, 0xff, 0xff, 0x20,

    /* U+005B "[" */
    0x8f, 0xff, 0xb8, 0xf5, 0x53, 0x8f, 0x0, 0x8,
    0xf0, 0x0, 0x8f, 0x0, 0x8, 0xf0, 0x0, 0x8f,
    0x0, 0x8, 0xf0, 0x0, 0x8f, 0x0, 0x8, 0xf0,
    0x0, 0x8f, 0x0, 0x8, 0xf0, 0x0, 0x8f, 0x0,
    0x8, 0xf1, 0x10, 0x8f, 0xff, 0xb2, 0x44, 0x43,

    /* U+005C "\\" */
    0x57, 0x0, 0x0, 0x0, 0x5f, 0x30, 0x0, 0x0,
    0xf, 0x90, 0x0, 0x0, 0xa, 0xe0, 0x0, 0x0,
    0x4, 0xf5, 0x0, 0x0, 0x0, 0xeb, 0x0, 0x0,
    0x0, 0x8f, 0x10, 0x0, 0x0, 0x2f, 0x60, 0x0,
    0x0, 0xd, 0xc0, 0x0, 0x0, 0x7, 0xf2, 0x0,
    0x0, 0x1, 0xf8, 0x0, 0x0, 0x0, 0xbd, 0x0,
    0x0, 0x0, 0x5f, 0x30, 0x0, 0x0, 0xf, 0x90,
    0x0, 0x0, 0xa, 0xe0,

    /* U+005D "]" */
    0x5f, 0xff, 0xe1, 0x55, 0xae, 0x0, 0x8, 0xe0,
    0x0, 0x8e, 0x0, 0x8, 0xe0, 0x0, 0x8e, 0x0,
    0x8, 0xe0, 0x0, 0x8e, 0x0, 0x8, 0xe0, 0x0,
    0x8e, 0x0, 0x8, 0xe0, 0x0, 0x8e, 0x0, 0x8,
    0xe0, 0x11, 0x8e, 0x5f, 0xff, 0xe1, 0x44, 0x43,

    /* U+005E "^" */
    0x0, 0x8f, 0x20, 0x0, 0x2f, 0xea, 0x0, 0xa,
    0xc3, 0xf3, 0x3, 0xf4, 0xa, 0xc0, 0xbb, 0x0,
    0x2f, 0x50,

    /* U+005F "_" */
    0x12, 0x22, 0x22, 0x22, 0x20, 0xaf, 0xff, 0xff,
    0xff, 0xf3, 0x35, 0x55, 0x55, 0x55, 0x51,

    /* U+0060 "`" */
    0x3, 0x40, 0x0, 0xef, 0x20, 0x3, 0xed, 0x10,
    0x1, 0xb4,

    /* U+0061 "a" */
    0x0, 0x2a, 0xef, 0xb3, 0xed, 0x3, 0xff, 0xb9,
    0xdf, 0xfd, 0xd, 0xf4, 0x0, 0x9, 0xfd, 0x2f,
    0xa0, 0x0, 0x0, 0xfd, 0x4f, 0x70, 0x0, 0x0,
    0xdd, 0x2f, 0xa0, 0x0, 0x0, 0xfd, 0xd, 0xf4,
    0x0, 0x9, 0xfd, 0x3, 0xff, 0xb9, 0xdf, 0xfd,
    0x0, 0x2b, 0xef, 0xb3, 0xed,

    /* U+0062 "b" */
    0xcf, 0x0, 0x0, 0x0, 0x0, 0xcf, 0x0, 0x0,
    0x0, 0x0, 0xcf, 0x0, 0x0, 0x0, 0x0, 0xcf,
    0x0, 0x0, 0x0, 0x0, 0xcf, 0x2b, 0xfe, 0xb3,
    0x0, 0xcf, 0xed, 0xab, 0xff, 0x40, 0xcf, 0xa0,
    0x0, 0x3f, 0xe0, 0xcf, 0x10, 0x0, 0x9, 0xf3,
    0xce, 0x0, 0x0, 0x6, 0xf5, 0xcf, 0x10, 0x0,
    0x9, 0xf3, 0xcf, 0xa0, 0x0, 0x3f, 0xe0, 0xcf,
    0xfd, 0xab, 0xff, 0x40, 0xcf, 0x2b, 0xff, 0xb3,
    0x0,

    /* U+0063 "c" */
    0x0, 0x29, 0xef, 0xd7, 0x0, 0x3f, 0xfc, 0xad,
    0xf9, 0xd, 0xf4, 0x0, 0x5, 0x3, 0xf9, 0x0,
    0x0, 0x0, 0x4f, 0x70, 0x0, 0x0, 0x3, 0xfa,
    0x0, 0x0, 0x0, 0xd, 0xf4, 0x0, 0x5, 0x0,
    0x3e, 0xfb, 0xad, 0xf9, 0x0, 0x29, 0xef, 0xd7,
    0x0,

    /* U+0064 "d" */
    0x0, 0x0, 0x0, 0x0, 0xed, 0x0, 0x0, 0x0,
    0x0, 0xed, 0x0, 0x0, 0x0, 0x0, 0xed, 0x0,
    0x0, 0x0, 0x0, 0xed, 0x0, 0x2a, 0xef, 0xb3,
    0xed, 0x3, 0xff, 0xba, 0xdf, 0xfd, 0xd, 0xf4,
    0x0, 0x9, 0xfd, 0x2f, 0xa0, 0x0, 0x0, 0xfd,
    0x4f, 0x70, 0x0, 0x0, 0xdd, 0x2f, 0xa0, 0x0,
    0x0, 0xfd, 0xd, 0xf4, 0x0, 0x9, 0xfd, 0x3,
    0xff, 0xb9, 0xdf, 0xfd, 0x0, 0x3b, 0xef, 0xb3,
    0xed,

    /* U+0065 "e" */
    0x0, 0x29, 0xef, 0xd6, 0x0, 0x3, 0xff, 0xa9,
    0xdf, 0x80, 0xd, 0xf2, 0x0, 0xa, 0xf2, 0x3f,
    0x91, 0x11, 0x14, 0xf7, 0x4f, 0xff, 0xff, 0xff,
    0xf8, 0x3f, 0xa4, 0x44, 0x44, 0x42, 0xd, 0xe2,
    0x0, 0x3, 0x10, 0x3, 0xff, 0xb9, 0xcf, 0xb0,
    0x0, 0x29, 0xef, 0xd8, 0x10,

    /* U+0066 "f" */
    0x0, 0x0, 0x37, 0x72, 0x0, 0x0, 0x9f, 0xff,
    0xf1, 0x0, 0x3f, 0xb1, 0x14, 0x0, 0x6, 0xf4,
    0x0, 0x0, 0x0, 0x7f, 0x40, 0x0, 0xa, 0xff,
    0xff, 0xff, 0x20, 0x58, 0xbf, 0xa8, 0x81, 0x0,
    0x7, 0xf4, 0x0, 0x0, 0x0, 0x7f, 0x40, 0x0,
    0x0, 0x7, 0xf4, 0x0, 0x0, 0x0, 0x7f, 0x40,
    0x0, 0x0, 0x7, 0xf4, 0x0, 0x0, 0x0, 0x7f,
    0x40, 0x0, 0x0, 0x7, 0xf4, 0x0, 0x0,

    /* U+0067 "g" */
    0x0, 0x3b, 0xef, 0xb2, 0xfc, 0x4, 0xff, 0xba,
    0xdf, 0xfc, 0xd, 0xf4, 0x0, 0x9, 0xfc, 0x3f,
    0xa0, 0x0, 0x1, 0xfc, 0x4f, 0x70, 0x0, 0x0,
    0xec, 0x3f, 0xa0, 0x0, 0x0, 0xfc, 0xd, 0xf3,
    0x0, 0x9, 0xfc, 0x4, 0xff, 0xb9, 0xdf, 0xfc,
    0x0, 0x3b, 0xff, 0xb2, 0xfb, 0x0, 0x0, 0x0,
    0x1, 0xfa, 0x9, 0x60, 0x0, 0xa, 0xf5, 0xc,
    0xfd, 0xaa, 0xef, 0xa0, 0x0, 0x7c, 0xff, 0xc6,
    0x0,

    /* U+0068 "h" */
    0xcf, 0x0, 0x0, 0x0, 0xc, 0xf0, 0x0, 0x0,
    0x0, 0xcf, 0x0, 0x0, 0x0, 0xc, 0xf0, 0x0,
    0x0, 0x0, 0xcf, 0x3b, 0xfe, 0x90, 0xc, 0xff,
    0xb9, 0xdf, 0xb0, 0xcf, 0x70, 0x0, 0xcf, 0x2c,
    0xf0, 0x0, 0x6, 0xf5, 0xcf, 0x0, 0x0, 0x5f,
    0x5c, 0xf0, 0x0, 0x5, 0xf5, 0xcf, 0x0, 0x0,
    0x5f, 0x5c, 0xf0, 0x0, 0x5, 0xf5, 0xcf, 0x0,
    0x0, 0x5f, 0x50,

    /* U+0069 "i" */
    0xbd, 0x1c, 0xf1, 0x0, 0x0, 0x0, 0xbf, 0xb,
    0xf0, 0xbf, 0xb, 0xf0, 0xbf, 0xb, 0xf0, 0xbf,
    0xb, 0xf0, 0xbf, 0x0,

    /* U+006A "j" */
    0x0, 0x0, 0x8e, 0x20, 0x0, 0xa, 0xf3, 0x0,
    0x0, 0x1, 0x0, 0x0, 0x0, 0x0, 0x0, 0x0,
    0x9f, 0x10, 0x0, 0x9, 0xf1, 0x0, 0x0, 0x9f,
    0x10, 0x0, 0x9, 0xf1, 0x0, 0x0, 0x9f, 0x10,
    0x0, 0x9, 0xf1, 0x0, 0x0, 0x9f, 0x10, 0x0,
    0x9, 0xf1, 0x0, 0x0, 0x9f, 0x10, 0x0, 0x9,
    0xf1, 0x0, 0x0, 0xbf, 0x2, 0xea, 0xbf, 0xb0,
    0xa, 0xff, 0xa1, 0x0,

    /* U+006B "k" */
    0xcf, 0x0, 0x0, 0x0, 0xc, 0xf0, 0x0, 0x0,
    0x0, 0xcf, 0x0, 0x0, 0x0, 0xc, 0xf0, 0x0,
    0x0, 0x0, 0xcf, 0x0, 0x7, 0xf9, 0xc, 0xf0,
    0x6, 0xf9, 0x0, 0xcf, 0x6, 0xfa, 0x0, 0xc,
    0xf5, 0xfa, 0x0, 0x0, 0xcf, 0xef, 0x20, 0x0,
    0xc, 0xf3, 0xfe, 0x10, 0x0, 0xcf, 0x4, 0xfd,
    0x10, 0xc, 0xf0, 0x5, 0xfc, 0x0, 0xcf, 0x0,
    0x6, 0xfb, 0x0,

    /* U+006C "l" */
    0xcf, 0xcf, 0xcf, 0xcf, 0xcf, 0xcf, 0xcf, 0xcf,
    0xcf, 0xcf, 0xcf, 0xcf, 0xcf,

    /* U+006D "m" */
    0xcf, 0x5d, 0xfe, 0x80, 0x5c, 0xfe, 0x80, 0xc,
    0xfe, 0x86, 0xcf, 0xdf, 0x86, 0xbf, 0x90, 0xcf,
    0x40, 0x0, 0xef, 0x50, 0x0, 0xdf, 0x1c, 0xf0,
    0x0, 0xa, 0xf1, 0x0, 0x9, 0xf2, 0xcf, 0x0,
    0x0, 0xaf, 0x10, 0x0, 0x8f, 0x3c, 0xf0, 0x0,
    0xa, 0xf1, 0x0, 0x8, 0xf3, 0xcf, 0x0, 0x0,
    0xaf, 0x10, 0x0, 0x8f, 0x3c, 0xf0, 0x0, 0xa,
    0xf1, 0x0, 0x8, 0xf3, 0xcf, 0x0, 0x0, 0xaf,
    0x10, 0x0, 0x8f, 0x30,

    /* U+006E "n" */
    0xcf, 0x4c, 0xfe, 0x80, 0xc, 0xff, 0x86, 0xbf,
    0xa0, 0xcf, 0x50, 0x0, 0xbf, 0x2c, 0xf0, 0x0,
    0x6, 0xf5, 0xcf, 0x0, 0x0, 0x5f, 0x5c, 0xf0,
    0x0, 0x5, 0xf5, 0xcf, 0x0, 0x0, 0x5f, 0x5c,
    0xf0, 0x0, 0x5, 0xf5, 0xcf, 0x0, 0x0, 0x5f,
    0x50,

    /* U+006F "o" */
    0x0, 0x19, 0xef, 0xd7, 0x0, 0x0, 0x2e, 0xfc,
    0xad, 0xfc, 0x0, 0xd, 0xf4, 0x0, 0x7, 0xf9,
    0x3, 0xf9, 0x0, 0x0, 0xd, 0xf0, 0x4f, 0x70,
    0x0, 0x0, 0xbf, 0x2, 0xfa, 0x0, 0x0, 0xd,
    0xf0, 0xd, 0xf4, 0x0, 0x8, 0xf9, 0x0, 0x2e,
    0xfb, 0xad, 0xfc, 0x0, 0x0, 0x19, 0xef, 0xd7,
    0x0, 0x0,

    /* U+0070 "p" */
    0xcf, 0x3b, 0xfe, 0xb3, 0x0, 0xcf, 0xfb, 0x78,
    0xef, 0x40, 0xcf, 0x80, 0x0, 0x1e, 0xe0, 0xcf,
    0x0, 0x0, 0x8, 0xf3, 0xce, 0x0, 0x0, 0x6,
    0xf5, 0xcf, 0x10, 0x0, 0x9, 0xf3, 0xcf, 0xa0,
    0x0, 0x3f, 0xe0, 0xcf, 0xfd, 0xab, 0xff, 0x40,
    0xcf, 0x2b, 0xff, 0xb3, 0x0, 0xcf, 0x0, 0x0,
    0x0, 0x0, 0xcf, 0x0, 0x0, 0x0, 0x0, 0xcf,
    0x0, 0x0, 0x0, 0x0, 0xcf, 0x0, 0x0, 0x0,
    0x0,

    /* U+0071 "q" */
    0x0, 0x2a, 0xef, 0xb3, 0xed, 0x3, 0xff, 0xb9,
    0xdf, 0xfd, 0xd, 0xf4, 0x0, 0x9, 0xfd, 0x2f,
    0xa0, 0x0, 0x0, 0xfd, 0x4f, 0x70, 0x0, 0x0,
    0xdd, 0x2f, 0xa0, 0x0, 0x0, 0xfd, 0xd, 0xf4,
    0x0, 0x9, 0xfd, 0x3, 0xff, 0xb9, 0xdf, 0xfd,
    0x0, 0x2a, 0xef, 0xb3, 0xed, 0x0, 0x0, 0x0,
    0x0, 0xed, 0x0, 0x0, 0x0, 0x0, 0xed, 0x0,
    0x0, 0x0, 0x0, 0xed, 0x0, 0x0, 0x0, 0x0,
    0xed,

    /* U+0072 "r" */
    0xcf, 0x5d, 0xfc, 0x3c, 0xff, 0x87, 0xc2, 0xcf,
    0x40, 0x0, 0xc, 0xf0, 0x0, 0x0, 0xcf, 0x0,
    0x0, 0xc, 0xf0, 0x0, 0x0, 0xcf, 0x0, 0x0,
    0xc, 0xf0, 0x0, 0x0, 0xcf, 0x0, 0x0, 0x0,

    /* U+0073 "s" */
    0x1, 0xae, 0xfc, 0x60, 0xc, 0xfa, 0x9d, 0xf3,
    0xf, 0xb0, 0x0, 0x40, 0xc, 0xfa, 0x40, 0x0,
    0x1, 0xaf, 0xfe, 0x60, 0x0, 0x0, 0x5c, 0xf4,
    0x6, 0x0, 0x4, 0xf6, 0x4f, 0xe9, 0x8d, 0xf2,
    0x4, 0xbf, 0xfc, 0x40,

    /* U+0074 "t" */
    0x0, 0x5f, 0x50, 0x0, 0x5, 0xf5, 0x0, 0x0,
    0x5f, 0x50, 0x0, 0x5, 0xf5, 0x0, 0x9f, 0xff,
    0xff, 0x94, 0x8b, 0xfa, 0x84, 0x0, 0x5f, 0x50,
    0x0, 0x5, 0xf5, 0x0, 0x0, 0x5f, 0x50, 0x0,
    0x5, 0xf5, 0x0, 0x0, 0x5f, 0x50, 0x0, 0x5,
    0xf5, 0x0, 0x0, 0x5f, 0x50, 0x0,

    /* U+0075 "u" */
    0xfb, 0x0, 0x0, 0xfc, 0xfb, 0x0, 0x0, 0xfc,
    0xfb, 0x0, 0x0, 0xfc, 0xfb, 0x0, 0x0, 0xfc,
    0xfb, 0x0, 0x0, 0xfc, 0xec, 0x0, 0x0, 0xfb,
    0xbf, 0x30, 0x6, 0xf8, 0x3f, 0xfa, 0xbf, 0xe1,
    0x3, 0xbf, 0xea, 0x20,

    /* U+0076 "v" */
    0x9f, 0x50, 0x0, 0x8, 0xf4, 0x1f, 0xc0, 0x0,
    0xf, 0xc0, 0xa, 0xf3, 0x0, 0x6f, 0x50, 0x3,
    0xfa, 0x0, 0xdd, 0x0, 0x0, 0xbf, 0x14, 0xf6,
    0x0, 0x0, 0x4f, 0x8b, 0xe0, 0x0, 0x0, 0xc,
    0xff, 0x80, 0x0, 0x0, 0x5, 0xff, 0x10, 0x0,
    0x0, 0x0, 0xd9, 0x0, 0x0,

    /* U+0077 "w" */
    0x8f, 0x30, 0x0, 0x8c, 0x0, 0x0, 0xfc, 0x2f,
    0x90, 0x0, 0xef, 0x20, 0x5, 0xf6, 0xb, 0xe0,
    0x4, 0xff, 0x80, 0xb, 0xf0, 0x5, 0xf5, 0xa,
    0xeb, 0xe0, 0x1f, 0x90, 0x0, 0xeb, 0xf, 0x85,
    0xf4, 0x7f, 0x30, 0x0, 0x8f, 0x7f, 0x20, 0xea,
    0xdd, 0x0, 0x0, 0x2f, 0xfc, 0x0, 0x8f, 0xf6,
    0x0, 0x0, 0xc, 0xf6, 0x0, 0x2f, 0xf1, 0x0,
    0x0, 0x5, 0xf0, 0x0, 0xc, 0xa0, 0x0,

    /* U+0078 "x" */
    0x2f, 0xd0, 0x0, 0x4f, 0xb0, 0x6, 0xfa, 0x1,
    0xee, 0x10, 0x0, 0xaf, 0x6a, 0xf4, 0x0, 0x0,
    0xd, 0xff, 0x80, 0x0, 0x0, 0x6, 0xff, 0x10,
    0x0, 0x0, 0x2f, 0xef, 0xb0, 0x0, 0x0, 0xcf,
    0x29, 0xf6, 0x0, 0x8, 0xf6, 0x0, 0xdf, 0x20,
    0x4f, 0xb0, 0x0, 0x3f, 0xd0,

    /* U+0079 "y" */
    0x7f, 0x60, 0x0, 0xa, 0xf3, 0x1f, 0xc0, 0x0,
    0x1f, 0xc0, 0xa, 0xf3, 0x0, 0x7f, 0x50, 0x3,
    0xf9, 0x0, 0xed, 0x0, 0x0, 0xcf, 0x5, 0xf6,
    0x0, 0x0, 0x5f, 0x6c, 0xe0, 0x0, 0x0, 0xe,
    0xef, 0x80, 0x0, 0x0, 0x8, 0xff, 0x10, 0x0,
    0x0, 0x4, 0xf9, 0x0, 0x0, 0x0, 0xa, 0xf2,
    0x0, 0x0, 0x0, 0x2f, 0xa0, 0x0, 0x0, 0x0,
    0xaf, 0x30, 0x0, 0x0, 0x2, 0xfc, 0x0, 0x0,
    0x0,

    /* U+007A "z" */
    0x2f, 0xff, 0xff, 0xfe, 0x18, 0x88, 0x8e, 0xf7,
    0x0, 0x0, 0x4f, 0xb0, 0x0, 0x1, 0xee, 0x10,
    0x0, 0xc, 0xf3, 0x0, 0x0, 0x8f, 0x70, 0x0,
    0x4, 0xfb, 0x0, 0x0, 0x1e, 0xf9, 0x88, 0x86,
    0x7f, 0xff, 0xff, 0xfc,

    /* U+007B "{" */
    0x0, 0x4d, 0xf7, 0x1, 0xfc, 0x52, 0x3, 0xf3,
    0x0, 0x3, 0xf3, 0x0, 0x2, 0xf4, 0x0, 0x0,
    0xf5, 0x0, 0x3, 0xf4, 0x0, 0x7f, 0xc0, 0x0,
    0x16, 0xf3, 0x0, 0x0, 0xf6, 0x0, 0x1, 0xf5,
    0x0, 0x3, 0xf3, 0x0, 0x3, 0xf3, 0x0, 0x1,
    0xf9, 0x10, 0x0, 0x8f, 0xf7, 0x0, 0x1, 0x31,

    /* U+007C "|" */
    0x19, 0x32, 0xf6, 0x2f, 0x62, 0xf6, 0x2f, 0x62,
    0xf6, 0x2f, 0x62, 0xf6, 0x2f, 0x62, 0xf6, 0x2f,
    0x62, 0xf6, 0x2f, 0x62, 0xf6, 0x2f, 0x62, 0xf6,
    0x2f, 0x60,

    /* U+007D "}" */
    0x5f, 0xd6, 0x0, 0x15, 0xaf, 0x20, 0x0, 0x1f,
    0x50, 0x0, 0x1f, 0x50, 0x0, 0x2f, 0x40, 0x0,
    0x4f, 0x20, 0x0, 0x2f, 0x50, 0x0, 0xa, 0xf9,
    0x0, 0x1f, 0x82, 0x0, 0x4f, 0x20, 0x0, 0x3f,
    0x30, 0x0, 0x1f, 0x50, 0x0, 0x1f, 0x50, 0x1,
    0x7f, 0x30, 0x5f, 0xfa, 0x0, 0x14, 0x20, 0x0,

    /* U+007E "~" */
    0x5, 0x86, 0x0, 0x3, 0xa, 0xff, 0xfe, 0xac,
    0xf1, 0x57, 0x3, 0xbe, 0xe6, 0x0,

    /* U+00A0 " " */

    /* U+00A1 "¡" */
    0x6f, 0x6a, 0xfa, 0x16, 0x10, 0x0, 0x16, 0x12,
    0xf3, 0x3f, 0x33, 0xf4, 0x4f, 0x44, 0xf5, 0x5f,
    0x55, 0xf6, 0x6f, 0x60,

    /* U+00A2 "¢" */
    0x0, 0x0, 0x2f, 0x20, 0x0, 0x0, 0x0, 0x3f,
    0x40, 0x0, 0x0, 0x2b, 0xff, 0xfe, 0x40, 0x1,
    0xef, 0xbf, 0xae, 0xc0, 0xa, 0xf6, 0x2f, 0x21,
    0x10, 0xf, 0xd0, 0x2f, 0x20, 0x0, 0xf, 0xb0,
    0x2f, 0x20, 0x0, 0xf, 0xd0, 0x2f, 0x20, 0x0,
    0x9, 0xf6, 0x2f, 0x21, 0x10, 0x1, 0xef, 0xbf,
    0xae, 0xd0, 0x0, 0x2b, 0xff, 0xfe, 0x40, 0x0,
    0x0, 0x3f, 0x40, 0x0, 0x0, 0x0, 0x2f, 0x20,
    0x0,

    /* U+00A3 "£" */
    0x0, 0x2, 0xbe, 0xfc, 0x50, 0x0, 0x2f, 0xfb,
    0xae, 0xf6, 0x0, 0xaf, 0x40, 0x1, 0x91, 0x0,
    0xee, 0x0, 0x0, 0x0, 0x0, 0xfd, 0x0, 0x0,
    0x0, 0x11, 0xfd, 0x11, 0x10, 0x0, 0xcf, 0xff,
    0xff, 0xf8, 0x0, 0x34, 0xfe, 0x44, 0x42, 0x0,
    0x0, 0xfd, 0x0, 0x0, 0x0, 0x0, 0xfd, 0x0,
    0x0, 0x0, 0x0, 0xfd, 0x0, 0x0, 0x0, 0x79,
    0xfe, 0x99, 0x99, 0x93, 0xcf, 0xff, 0xff, 0xff,
    0xf6,

    /* U+00A4 "¤" */
    0x0, 0x0, 0x0, 0x0, 0xa, 0x81, 0x67, 0x51,
    0xb5, 0x5f, 0xff, 0xff, 0xfd, 0x11, 0xfe, 0x30,
    0x6f, 0xc0, 0x6f, 0x60, 0x0, 0xaf, 0x17, 0xf4,
    0x0, 0x9, 0xf2, 0x4f, 0x90, 0x0, 0xdf, 0x0,
    0xff, 0xb9, 0xdf, 0xb0, 0xbd, 0x8e, 0xfd, 0x8f,
    0x63, 0x10, 0x0, 0x0, 0x30,

    /* U+00A5 "¥" */
    0xaf, 0x60, 0x0, 0x2, 0xfd, 0x1, 0xfe, 0x0,
    0x0, 0xaf, 0x40, 0x7, 0xf7, 0x0, 0x3f, 0xa0,
    0x0, 0xd, 0xe1, 0xb, 0xf2, 0x0, 0x8f, 0xff,
    0x83, 0xff, 0xfc, 0x3, 0x66, 0xcf, 0xce, 0x66,
    0x40, 0x0, 0x4, 0xff, 0x80, 0x0, 0x0, 0x11,
    0x1e, 0xf3, 0x11, 0x10, 0x8f, 0xff, 0xff, 0xff,
    0xfc, 0x2, 0x44, 0x4d, 0xf4, 0x44, 0x30, 0x0,
    0x0, 0xcf, 0x0, 0x0, 0x0, 0x0, 0xc, 0xf0,
    0x0, 0x0, 0x0, 0x0, 0xcf, 0x0, 0x0, 0x0,

    /* U+00A6 "¦" */
    0x1e, 0x52, 0xf6, 0x2f, 0x62, 0xf6, 0x2f, 0x62,
    0xf6, 0x2f, 0x60, 0x0, 0x0, 0x0, 0x0, 0x1e,
    0x52, 0xf6, 0x2f, 0x62, 0xf6, 0x2f, 0x62, 0xf6,
    0x2f, 0x60,

    /* U+00A7 "§" */
    0x2, 0xae, 0xfc, 0x50, 0xd, 0xfa, 0x9e, 0xf6,
    0x4f, 0x60, 0x0, 0x80, 0x5f, 0x70, 0x0, 0x0,
    0x1e, 0xfb, 0x50, 0x0, 0xa, 0xff, 0xfe, 0x60,
    0x7f, 0x83, 0x6e, 0xf4, 0xce, 0x0, 0x2, 0xf9,
    0xbf, 0x50, 0x3, 0xf8, 0x3e, 0xfd, 0xaf, 0xe1,
    0x2, 0x9e, 0xff, 0x50, 0x0, 0x0, 0x5e, 0xf0,
    0x1, 0x0, 0x7, 0xf2, 0x6e, 0x40, 0x2c, 0xf0,
    0x3e, 0xff, 0xff, 0x60, 0x1, 0x68, 0x72, 0x0,

    /* U+00A8 "¨" */
    0x0, 0x0, 0x0, 0xb, 0xf2, 0xe, 0xe0, 0x9e,
    0x20, 0xcd, 0x0,

    /* U+00A9 "©" */
    0x0, 0x1, 0x7b, 0xcc, 0xa6, 0x0, 0x0, 0x0,
    0x5c, 0x50, 0x0, 0x17, 0xc3, 0x0, 0x5, 0xa0,
    0x0, 0x1, 0x0, 0x1c, 0x30, 0x1c, 0x0, 0x2c,
    0xff, 0xd4, 0x2, 0xc0, 0x76, 0x2, 0xee, 0x66,
    0xc6, 0x0, 0x94, 0xb2, 0x8, 0xf2, 0x0, 0x0,
    0x0, 0x58, 0xc0, 0xb, 0xe0, 0x0, 0x0, 0x0,
    0x39, 0xb2, 0x9, 0xf1, 0x0, 0x0, 0x0, 0x58,
    0x76, 0x3, 0xfc, 0x33, 0x94, 0x0, 0x94, 0x1c,
    0x0, 0x5e, 0xff, 0xf7, 0x2, 0xc0, 0x5, 0xb0,
    0x0, 0x34, 0x10, 0x1c, 0x30, 0x0, 0x5c, 0x60,
    0x0, 0x17, 0xd3, 0x0, 0x0, 0x1, 0x7b, 0xcc,
    0xb6, 0x0, 0x0,

    /* U+00AA "ª" */
    0x8, 0xee, 0xbf, 0x6, 0xf7, 0x4c, 0xf0, 0xac,
    0x0, 0x4f, 0x7, 0xf4, 0x1a, 0xf0, 0xb, 0xff,
    0xef, 0x0, 0x2, 0x22, 0x70,

    /* U+00AB "«" */
    0x0, 0x7e, 0x21, 0xd9, 0x0, 0x3f, 0x80, 0xbe,
    0x10, 0xd, 0xc0, 0x6f, 0x40, 0x1, 0xeb, 0x7,
    0xf3, 0x0, 0x4, 0xf6, 0xc, 0xd0, 0x0, 0x9,
    0xf2, 0x2f, 0xa0,

    /* U+00AC "¬" */
    0x78, 0x88, 0x88, 0x88, 0x1e, 0xff, 0xff, 0xff,
    0xf2, 0x0, 0x0, 0x0, 0x6f, 0x20, 0x0, 0x0,
    0x6, 0xf2, 0x0, 0x0, 0x0, 0x6f, 0x20,

    /* U+00AE "®" */
    0x0, 0x48, 0x88, 0x20, 0x0, 0x75, 0x0, 0x7,
    0x50, 0x36, 0xb, 0x96, 0x9, 0x18, 0x0, 0xa0,
    0xb0, 0x35, 0x90, 0xd, 0xb6, 0x1, 0x78, 0x0,
    0xa7, 0x50, 0x35, 0x36, 0x7, 0x8, 0x9, 0x10,
    0x75, 0x0, 0x7, 0x50, 0x0, 0x48, 0x88, 0x30,
    0x0,

    /* U+00AF "¯" */
    0x1, 0x11, 0x11, 0x10, 0x3f, 0xff, 0xff, 0xf9,
    0x4, 0x44, 0x44, 0x42,

    /* U+00B0 "°" */
    0x0, 0x0, 0x0, 0x0, 0x3d, 0xff, 0x80, 0xe,
    0xc5, 0x7f, 0x62, 0xf4, 0x0, 0xca, 0x1f, 0xa1,
    0x4f, 0x80, 0x5f, 0xff, 0xb0, 0x0, 0x3, 0x20,
    0x0,

    /* U+00B1 "±" */
    0x0, 0x1, 0x10, 0x0, 0x0, 0x0, 0xaf, 0x0,
    0x0, 0x0, 0xa, 0xf0, 0x0, 0xe, 0xff, 0xff,
    0xff, 0xf2, 0x78, 0x8d, 0xf8, 0x88, 0x10, 0x0,
    0xaf, 0x0, 0x0, 0x0, 0xa, 0xf0, 0x0, 0x7,
    0x88, 0x88, 0x88, 0x81, 0xef, 0xff, 0xff, 0xff,
    0x20,

    /* U+00B2 "²" */
    0x8, 0xef, 0xa0, 0x1d, 0x78, 0xf6, 0x0, 0x4,
    0xf3, 0x0, 0x5f, 0x70, 0x8, 0xfa, 0x42, 0x4f,
    0xff, 0xf9,

    /* U+00B3 "³" */
    0xf, 0xff, 0xf5, 0x4, 0x6f, 0xa0, 0x0, 0xdf,
    0x70, 0x0, 0x15, 0xf6, 0x9, 0x58, 0xf6, 0x1a,
    0xee, 0x90,

    /* U+00B4 "´" */
    0x0, 0x28, 0x0, 0xd, 0xf4, 0xb, 0xf4, 0x0,
    0xa2, 0x0,

    /* U+00B5 "µ" */
    0x2f, 0x90, 0x0, 0x1f, 0x92, 0xf9, 0x0, 0x1,
    0xf9, 0x2f, 0x90, 0x0, 0x1f, 0x92, 0xf9, 0x0,
    0x1, 0xf9, 0x2f, 0x90, 0x0, 0x1f, 0x92, 0xfa,
    0x0, 0x2, 0xf9, 0x2f, 0xe1, 0x0, 0x8f, 0x62,
    0xff, 0xea, 0xcf, 0xd0, 0x2f, 0xaa, 0xef, 0xa1,
    0x2, 0xf9, 0x0, 0x0, 0x0, 0x2f, 0x90, 0x0,
    0x0, 0x2, 0xf9, 0x0, 0x0, 0x0, 0x2f, 0x90,
    0x0, 0x0, 0x0,

    /* U+00B6 "¶" */
    0x1, 0x9e, 0xff, 0xff, 0xff, 0xf7, 0x2e, 0xfb,
    0x8d, 0xe8, 0xde, 0x83, 0xaf, 0x60, 0xb, 0xd0,
    0xad, 0x0, 0xef, 0x0, 0xb, 0xd0, 0xad, 0x0,
    0xef, 0x0, 0xb, 0xd0, 0xad, 0x0, 0xaf, 0x60,
    0xb, 0xd0, 0xad, 0x0, 0x2e, 0xfb, 0x8d, 0xd0,
    0xad, 0x0, 0x1, 0xae, 0xff, 0xd0, 0xad, 0x0,
    0x0, 0x0, 0xb, 0xd0, 0xad, 0x0, 0x0, 0x0,
    0xb, 0xd0, 0xad, 0x0, 0x0, 0x0, 0xb, 0xd0,
    0xad, 0x0, 0x0, 0x0, 0xb, 0xd0, 0xad, 0x0,
    0x0, 0x0, 0xb, 0xd0, 0xad, 0x0, 0x0, 0x0,
    0xb, 0xd0, 0xad, 0x0, 0x0, 0x0, 0x5, 0x60,
    0x56, 0x0,

    /* U+00B7 "·" */
    0x25, 0xe, 0xf6, 0xae, 0x30,

    /* U+00B8 "¸" */
    0x1, 0xf4, 0x0, 0x4d, 0xf6, 0x12, 0xb, 0xd6,
    0xff, 0xf6, 0x0, 0x10, 0x0,

    /* U+00B9 "¹" */
    0x6f, 0xf6, 0x15, 0xf6, 0x1, 0xf6, 0x1, 0xf6,
    0x1, 0xf6, 0x1, 0xf6,

    /* U+00BA "º" */
    0x7, 0xef, 0xb2, 0x5, 0xf7, 0x5c, 0xd0, 0x9c,
    0x0, 0x3f, 0x27, 0xf4, 0x19, 0xf0, 0xa, 0xff,
    0xf4, 0x0, 0x1, 0x30, 0x0,

    /* U+00BB "»" */
    0x1d, 0xa0, 0x6e, 0x30, 0x4, 0xf6, 0xc, 0xd0,
    0x0, 0x9f, 0x22, 0xf9, 0x0, 0x7f, 0x31, 0xeb,
    0x3, 0xf7, 0xb, 0xe1, 0x1e, 0xc0, 0x6f, 0x40,

    /* U+00BC "¼" */
    0x0, 0x0, 0x0, 0x0, 0x0, 0x10, 0x0, 0x8f,
    0xf5, 0x0, 0x0, 0x6e, 0x30, 0x1, 0x6f, 0x50,
    0x0, 0x3f, 0xf4, 0x0, 0x3, 0xf5, 0x0, 0xd,
    0xf3, 0x0, 0x0, 0x3f, 0x50, 0xa, 0xf3, 0x0,
    0x0, 0x3, 0xf5, 0x6, 0xe3, 0x0, 0x0, 0x0,
    0x3f, 0x50, 0x12, 0x0, 0x0, 0x0, 0x1, 0x82,
    0x0, 0x2, 0x82, 0x0, 0x0, 0x0, 0x27, 0x0,
    0xcd, 0x0, 0x0, 0x0, 0x3e, 0x90, 0x5f, 0x40,
    0x0, 0x0, 0x4f, 0xc0, 0xd, 0xc2, 0xf5, 0x0,
    0x6f, 0xf2, 0x5, 0xff, 0xff, 0xf0, 0x2f, 0xf5,
    0x0, 0x13, 0x35, 0xf8, 0x0, 0x69, 0x0, 0x0,
    0x0, 0x2f, 0x60, 0x0, 0x0, 0x0, 0x0, 0x0,
    0x0, 0x0,

    /* U+00BD "½" */
    0x0, 0x0, 0x0, 0x0, 0x0, 0x10, 0x8, 0xff,
    0x50, 0x0, 0x5, 0xe3, 0x1, 0x6f, 0x50, 0x0,
    0x1f, 0xf4, 0x0, 0x3f, 0x50, 0x0, 0xbf, 0x50,
    0x0, 0x3f, 0x50, 0x7, 0xf5, 0x0, 0x0, 0x3f,
    0x50, 0x2f, 0x60, 0x0, 0x0, 0x3f, 0x50, 0x57,
    0x0, 0x0, 0x0, 0x3f, 0x50, 0x0, 0x0, 0x0,
    0x0, 0x1, 0x0, 0x7, 0xef, 0xb0, 0x0, 0x0,
    0x7c, 0xc, 0x76, 0xf7, 0x0, 0x9, 0xf3, 0x0,
    0x3, 0xf6, 0x0, 0xbf, 0x60, 0x0, 0x3e, 0xb0,
    0x1c, 0xf9, 0x0, 0x4, 0xfa, 0x0, 0xb, 0xc0,
    0x0, 0x2f, 0xff, 0xfb, 0x0, 0x10, 0x0, 0x3,
    0x33, 0x32,

    /* U+00BE "¾" */
    0x0, 0x0, 0x0, 0x0, 0x0, 0x10, 0x0, 0x9f,
    0xff, 0xc0, 0x0, 0x1e, 0x70, 0x1, 0x3b, 0xe2,
    0x0, 0xc, 0xf8, 0x0, 0x6, 0xfb, 0x20, 0x8,
    0xf8, 0x0, 0x0, 0x24, 0xdc, 0x3, 0xf7, 0x0,
    0x0, 0x34, 0x2c, 0xd0, 0xd7, 0x0, 0x0, 0x9,
    0xff, 0xf5, 0x1, 0x0, 0x0, 0x0, 0x1, 0x30,
    0x0, 0xc, 0xa0, 0x0, 0x0, 0x0, 0x5a, 0x6,
    0xf4, 0x0, 0x0, 0x0, 0x5f, 0x50, 0xdb, 0x0,
    0x0, 0x0, 0x5f, 0xa0, 0x6f, 0x49, 0xd0, 0x0,
    0x5f, 0xe1, 0xc, 0xff, 0xff, 0x90, 0xe, 0xf5,
    0x0, 0x23, 0x3b, 0xe2, 0x0, 0x3a, 0x0, 0x0,
    0x0, 0x9e, 0x0, 0x0, 0x0, 0x0, 0x0, 0x0,
    0x0, 0x0,

    /* U+00BF "¿" */
    0x0, 0x3, 0xea, 0x0, 0x0, 0x0, 0x6f, 0xe0,
    0x0, 0x0, 0x0, 0x52, 0x0, 0x0, 0x0, 0x0,
    0x0, 0x0, 0x0, 0x0, 0xd6, 0x0, 0x0, 0x0,
    0x3f, 0x70, 0x0, 0x0, 0x9f, 0xf7, 0x0, 0x0,
    0x8f, 0x81, 0x0, 0x0, 0xe, 0xd0, 0x0, 0x0,
    0x0, 0xfc, 0x0, 0x0, 0x20, 0xd, 0xf3, 0x0,
    0x3e, 0x80, 0x5f, 0xfb, 0xbf, 0xf3, 0x0, 0x4c,
    0xfe, 0xa2, 0x0,

    /* U+00C0 "À" */
    0x0, 0x0, 0x9, 0x10, 0x0, 0x0, 0x0, 0x0,
    0x5, 0xfc, 0x0, 0x0, 0x0, 0x0, 0x0, 0x5,
    0xfa, 0x0, 0x0, 0x0, 0x0, 0x0, 0x2, 0x90,
    0x0, 0x0, 0x0, 0x0, 0x0, 0x0, 0x0, 0x0,
    0x0, 0x0, 0x0, 0x3f, 0x70, 0x0, 0x0, 0x0,
    0x0, 0xa, 0xfe, 0x0, 0x0, 0x0, 0x0, 0x1,
    0xff, 0xf5, 0x0, 0x0, 0x0, 0x0, 0x7f, 0x7f,
    0xb0, 0x0, 0x0, 0x0, 0xd, 0xe0, 0xbf, 0x20,
    0x0, 0x0, 0x4, 0xf8, 0x4, 0xf8, 0x0, 0x0,
    0x0, 0xbf, 0x10, 0xe, 0xe0, 0x0, 0x0, 0x2f,
    0xb0, 0x0, 0x7f, 0x60, 0x0, 0x8, 0xfb, 0x88,
    0x89, 0xfc, 0x0, 0x0, 0xef, 0xff, 0xff, 0xff,
    0xf3, 0x0, 0x5f, 0x70, 0x0, 0x0, 0x4f, 0x90,
    0xc, 0xf1, 0x0, 0x0, 0x0, 0xef, 0x13, 0xfa,
    0x0, 0x0, 0x0, 0x7, 0xf7,

    /* U+00C1 "Á" */
    0x0, 0x0, 0x0, 0x0, 0x0, 0x0, 0x0, 0x0,
    0x0, 0x5, 0xb0, 0x0, 0x0, 0x0, 0x0, 0x2,
    0xfe, 0x30, 0x0, 0x0, 0x0, 0x1, 0xed, 0x20,
    0x0, 0x0, 0x0, 0x0, 0x7, 0x0, 0x0, 0x0,
    0x0, 0x0, 0x0, 0x0, 0x0, 0x0, 0x0, 0x0,
    0x0, 0x3, 0xf7, 0x0, 0x0, 0x0, 0x0, 0x0,
    0xaf, 0xe0, 0x0, 0x0, 0x0, 0x0, 0x1f, 0xff,
    0x50, 0x0, 0x0, 0x0, 0x7, 0xf7, 0xfb, 0x0,
    0x0, 0x0, 0x0, 0xde, 0xb, 0xf2, 0x0, 0x0,
    0x0, 0x4f, 0x80, 0x4f, 0x80, 0x0, 0x0, 0xb,
    0xf1, 0x0, 0xee, 0x0, 0x0, 0x2, 0xfb, 0x0,
    0x7, 0xf6, 0x0, 0x0, 0x8f, 0xb8, 0x88, 0x9f,
    0xc0, 0x0, 0xe, 0xff, 0xff, 0xff, 0xff, 0x30,
    0x5, 0xf7, 0x0, 0x0, 0x4, 0xf9, 0x0, 0xcf,
    0x10, 0x0, 0x0, 0xe, 0xf1, 0x3f, 0xa0, 0x0,
    0x0, 0x0, 0x7f, 0x70,

    /* U+00C2 "Â" */
    0x0, 0x0, 0x7, 0xfb, 0x0, 0x0, 0x0, 0x0,
    0x6, 0xfd, 0xf9, 0x0, 0x0, 0x0, 0x4, 0xf8,
    0x5, 0xf7, 0x0, 0x0, 0x0, 0x25, 0x0, 0x3,
    0x40, 0x0, 0x0, 0x0, 0x0, 0x0, 0x0, 0x0,
    0x0, 0x0, 0x0, 0x3f, 0x70, 0x0, 0x0, 0x0,
    0x0, 0xa, 0xfe, 0x0, 0x0, 0x0, 0x0, 0x1,
    0xff, 0xf5, 0x0, 0x0, 0x0, 0x0, 0x7f, 0x7f,
    0xb0, 0x0, 0x0, 0x0, 0xd, 0xe0, 0xbf, 0x20,
    0x0, 0x0, 0x4, 0xf8, 0x4, 0xf8, 0x0, 0x0,
    0x0, 0xbf, 0x10, 0xe, 0xe0, 0x0, 0x0, 0x2f,
    0xb0, 0x0, 0x7f, 0x60, 0x0, 0x8, 0xfb, 0x88,
    0x89, 0xfc, 0x0, 0x0, 0xef, 0xff, 0xff, 0xff,
    0xf3, 0x0, 0x5f, 0x70, 0x0, 0x0, 0x4f, 0x90,
    0xc, 0xf1, 0x0, 0x0, 0x0, 0xef, 0x13, 0xfa,
    0x0, 0x0, 0x0, 0x7, 0xf7,

    /* U+00C3 "Ã" */
    0x0, 0x0, 0x1, 0x22, 0x20, 0x0, 0x0, 0x0,
    0x7f, 0xff, 0xff, 0xc0, 0x0, 0x0, 0x1, 0x55,
    0x55, 0x30, 0x0, 0x0, 0x0, 0x0, 0x0, 0x0,
    0x0, 0x0, 0x0, 0x0, 0x3, 0xf7, 0x0, 0x0,
    0x0, 0x0, 0x0, 0xaf, 0xe0, 0x0, 0x0, 0x0,
    0x0, 0x1f, 0xff, 0x50, 0x0, 0x0, 0x0, 0x7,
    0xf7, 0xfb, 0x0, 0x0, 0x0, 0x0, 0xde, 0xb,
    0xf2, 0x0, 0x0, 0x0, 0x4f, 0x80, 0x4f, 0x80,
    0x0, 0x0, 0xb, 0xf1, 0x0, 0xee, 0x0, 0x0,
    0x2, 0xfb, 0x0, 0x7, 0xf6, 0x0, 0x0, 0x8f,
    0xb8, 0x88, 0x9f, 0xc0, 0x0, 0xe, 0xff, 0xff,
    0xff, 0xff, 0x30, 0x5, 0xf7, 0x0, 0x0, 0x4,
    0xf9, 0x0, 0xcf, 0x10, 0x0, 0x0, 0xe, 0xf1,
    0x3f, 0xa0, 0x0, 0x0, 0x0, 0x7f, 0x70,

    /* U+00C4 "Ä" */
    0x0, 0x0, 0x10, 0x0, 0x10, 0x0, 0x0, 0x0,
    0x3f, 0xa0, 0x6f, 0x60, 0x0, 0x0, 0x2, 0xe8,
    0x5, 0xf5, 0x0, 0x0, 0x0, 0x0, 0x0, 0x0,
    0x0, 0x0, 0x0, 0x0, 0x3, 0xf7, 0x0, 0x0,
    0x0, 0x0, 0x0, 0xaf, 0xe0, 0x0, 0x0, 0x0,
    0x0, 0x1f, 0xff, 0x50, 0x0, 0x0, 0x0, 0x7,
    0xf7, 0xfb, 0x0, 0x0, 0x0, 0x0, 0xde, 0xb,
    0xf2, 0x0, 0x0, 0x0, 0x4f, 0x80, 0x4f, 0x80,
    0x0, 0x0, 0xb, 0xf1, 0x0, 0xee, 0x0, 0x0,
    0x2, 0xfb, 0x0, 0x7, 0xf6, 0x0, 0x0, 0x8f,
    0xb8, 0x88, 0x9f, 0xc0, 0x0, 0xe, 0xff, 0xff,
    0xff, 0xff, 0x30, 0x5, 0xf7, 0x0, 0x0, 0x4,
    0xf9, 0x0, 0xcf, 0x10, 0x0, 0x0, 0xe, 0xf1,
    0x3f, 0xa0, 0x0, 0x0, 0x0, 0x7f, 0x70,

    /* U+00C5 "Å" */
    0x0, 0x0, 0xa, 0xfc, 0x10, 0x0, 0x0, 0x0,
    0x7, 0xe4, 0xba, 0x0, 0x0, 0x0, 0x0, 0x9a,
    0x7, 0xd0, 0x0, 0x0, 0x0, 0x5, 0xf9, 0xe8,
    0x0, 0x0, 0x0, 0x0, 0x8, 0xfe, 0x0, 0x0,
    0x0, 0x0, 0x0, 0xaf, 0xe0, 0x0, 0x0, 0x0,
    0x0, 0x1f, 0xff, 0x50, 0x0, 0x0, 0x0, 0x7,
    0xf7, 0xfb, 0x0, 0x0, 0x0, 0x0, 0xde, 0xb,
    0xf2, 0x0, 0x0, 0x0, 0x4f, 0x80, 0x4f, 0x80,
    0x0, 0x0, 0xb, 0xf1, 0x0, 0xee, 0x0, 0x0,
    0x2, 0xfb, 0x0, 0x7, 0xf6, 0x0, 0x0, 0x8f,
    0xb8, 0x88, 0x9f, 0xc0, 0x0, 0xe, 0xff, 0xff,
    0xff, 0xff, 0x30, 0x5, 0xf7, 0x0, 0x0, 0x4,
    0xf9, 0x0, 0xcf, 0x10, 0x0, 0x0, 0xe, 0xf1,
    0x3f, 0xa0, 0x0, 0x0, 0x0, 0x7f, 0x70,

    /* U+00C6 "Æ" */
    0x0, 0x0, 0x3, 0xff, 0xff, 0xff, 0xff, 0xff,
    0xf8, 0x0, 0x0, 0xa, 0xf9, 0x9d, 0xfa, 0x99,
    0x99, 0x94, 0x0, 0x0, 0x1f, 0xb0, 0x9, 0xf3,
    0x0, 0x0, 0x0, 0x0, 0x0, 0x7f, 0x50, 0x9,
    0xf3, 0x0, 0x0, 0x0, 0x0, 0x0, 0xde, 0x0,
    0x9, 0xf3, 0x0, 0x0, 0x0, 0x0, 0x4, 0xf8,
    0x0, 0x9, 0xf9, 0x88, 0x88, 0x80, 0x0, 0xb,
    0xf2, 0x0, 0x9, 0xff, 0xff, 0xff, 0xf0, 0x0,
    0x2f, 0xff, 0xff, 0xff, 0xf3, 0x0, 0x0, 0x0,
    0x0, 0x8f, 0xa8, 0x88, 0x8c, 0xf3, 0x0, 0x0,
    0x0, 0x0, 0xee, 0x0, 0x0, 0x9, 0xf3, 0x0,
    0x0, 0x0, 0x5, 0xf8, 0x0, 0x0, 0x9, 0xf3,
    0x0, 0x0, 0x0, 0xc, 0xf1, 0x0, 0x0, 0x9,
    0xfa, 0x99, 0x99, 0x95, 0x3f, 0xb0, 0x0, 0x0,
    0x9, 0xff, 0xff, 0xff, 0xfa,

    /* U+00C7 "Ç" */
    0x0, 0x0, 0x4a, 0xef, 0xeb, 0x50, 0x0, 0x0,
    0xaf, 0xfc, 0xbc, 0xff, 0xb1, 0x0, 0xbf, 0xb1,
    0x0, 0x1, 0x9b, 0x0, 0x5f, 0xb0, 0x0, 0x0,
    0x0, 0x0, 0xc, 0xf2, 0x0, 0x0, 0x0, 0x0,
    0x0, 0xfd, 0x0, 0x0, 0x0, 0x0, 0x0, 0x1f,
    0xc0, 0x0, 0x0, 0x0, 0x0, 0x0, 0xfd, 0x0,
    0x0, 0x0, 0x0, 0x0, 0xc, 0xf2, 0x0, 0x0,
    0x0, 0x0, 0x0, 0x5f, 0xb0, 0x0, 0x0, 0x0,
    0x0, 0x0, 0xbf, 0xb1, 0x0, 0x0, 0x8c, 0x10,
    0x0, 0xaf, 0xfc, 0xbc, 0xff, 0xc1, 0x0, 0x0,
    0x4a, 0xff, 0xeb, 0x50, 0x0, 0x0, 0x0, 0xb,
    0xc2, 0x0, 0x0, 0x0, 0x0, 0x0, 0x8c, 0xf1,
    0x0, 0x0, 0x0, 0x0, 0x62, 0x6f, 0x30, 0x0,
    0x0, 0x0, 0x1b, 0xfe, 0x80, 0x0, 0x0,

    /* U+00C8 "È" */
    0x0, 0x6, 0x60, 0x0, 0x0, 0x0, 0x1e, 0xf3,
    0x0, 0x0, 0x0, 0x1, 0xce, 0x20, 0x0, 0x0,
    0x0, 0x8, 0x20, 0x0, 0x0, 0x0, 0x0, 0x0,
    0x0, 0x7f, 0xff, 0xff, 0xff, 0xf3, 0x7f, 0xb9,
    0x99, 0x99, 0x92, 0x7f, 0x50, 0x0, 0x0, 0x0,
    0x7f, 0x50, 0x0, 0x0, 0x0, 0x7f, 0x50, 0x0,
    0x0, 0x0, 0x7f, 0xa8, 0x88, 0x88, 0x50, 0x7f,
    0xff, 0xff, 0xff, 0xb0, 0x7f, 0x50, 0x0, 0x0,
    0x0, 0x7f, 0x50, 0x0, 0x0, 0x0, 0x7f, 0x50,
    0x0, 0x0, 0x0, 0x7f, 0x50, 0x0, 0x0, 0x0,
    0x7f, 0xb9, 0x99, 0x99, 0x93, 0x7f, 0xff, 0xff,
    0xff, 0xf5,

    /* U+00C9 "É" */
    0x0, 0x0, 0x0, 0x0, 0x0, 0x0, 0x0, 0x1c,
    0x30, 0x0, 0x0, 0x0, 0xbf, 0x80, 0x0, 0x0,
    0x9, 0xf6, 0x0, 0x0, 0x0, 0x5, 0x30, 0x0,
    0x0, 0x0, 0x0, 0x0, 0x0, 0x0, 0x7f, 0xff,
    0xff, 0xff, 0xf3, 0x7f, 0xb9, 0x99, 0x99, 0x92,
    0x7f, 0x50, 0x0, 0x0, 0x0, 0x7f, 0x50, 0x0,
    0x0, 0x0, 0x7f, 0x50, 0x0, 0x0, 0x0, 0x7f,
    0xa8, 0x88, 0x88, 0x50, 0x7f, 0xff, 0xff, 0xff,
    0xb0, 0x7f, 0x50, 0x0, 0x0, 0x0, 0x7f, 0x50,
    0x0, 0x0, 0x0, 0x7f, 0x50, 0x0, 0x0, 0x0,
    0x7f, 0x50, 0x0, 0x0, 0x0, 0x7f, 0xb9, 0x99,
    0x99, 0x93, 0x7f, 0xff, 0xff, 0xff, 0xf5,

    /* U+00CA "Ê" */
    0x0, 0x2, 0xfe, 0x20, 0x0, 0x0, 0x1e, 0xee,
    0xe1, 0x0, 0x0, 0xdd, 0x22, 0xdc, 0x0, 0x0,
    0x60, 0x0, 0x7, 0x0, 0x0, 0x0, 0x0, 0x0,
    0x0, 0x7f, 0xff, 0xff, 0xff, 0xf3, 0x7f, 0xb9,
    0x99, 0x99, 0x92, 0x7f, 0x50, 0x0, 0x0, 0x0,
    0x7f, 0x50, 0x0, 0x0, 0x0, 0x7f, 0x50, 0x0,
    0x0, 0x0, 0x7f, 0xa8, 0x88, 0x88, 0x50, 0x7f,
    0xff, 0xff, 0xff, 0xb0, 0x7f, 0x50, 0x0, 0x0,
    0x0, 0x7f, 0x50, 0x0, 0x0, 0x0, 0x7f, 0x50,
    0x0, 0x0, 0x0, 0x7f, 0x50, 0x0, 0x0, 0x0,
    0x7f, 0xb9, 0x99, 0x99, 0x93, 0x7f, 0xff, 0xff,
    0xff, 0xf5,

    /* U+00CB "Ë" */
    0x0, 0x0, 0x0, 0x0, 0x0, 0x0, 0xdf, 0x11,
    0xfd, 0x0, 0x0, 0xbd, 0x0, 0xdb, 0x0, 0x0,
    0x0, 0x0, 0x0, 0x0, 0x7f, 0xff, 0xff, 0xff,
    0xf3, 0x7f, 0xb9, 0x99, 0x99, 0x92, 0x7f, 0x50,
    0x0, 0x0, 0x0, 0x7f, 0x50, 0x0, 0x0, 0x0,
    0x7f, 0x50, 0x0, 0x0, 0x0, 0x7f, 0xa8, 0x88,
    0x88, 0x50, 0x7f, 0xff, 0xff, 0xff, 0xb0, 0x7f,
    0x50, 0x0, 0x0, 0x0, 0x7f, 0x50, 0x0, 0x0,
    0x0, 0x7f, 0x50, 0x0, 0x0, 0x0, 0x7f, 0x50,
    0x0, 0x0, 0x0, 0x7f, 0xb9, 0x99, 0x99, 0x93,
    0x7f, 0xff, 0xff, 0xff, 0xf5,

    /* U+00CC "Ì" */
    0x1a, 0x0, 0x8f, 0xa0, 0x7, 0xf8, 0x0, 0x47,
    0x0, 0x0, 0x7, 0xf5, 0x7, 0xf5, 0x7, 0xf5,
    0x7, 0xf5, 0x7, 0xf5, 0x7, 0xf5, 0x7, 0xf5,
    0x7, 0xf5, 0x7, 0xf5, 0x7, 0xf5, 0x7, 0xf5,
    0x7, 0xf5, 0x7, 0xf5,

    /* U+00CD "Í" */
    0x0, 0x0, 0x0, 0x7, 0x90, 0x4, 0xfd, 0x12,
    0xfb, 0x10, 0x17, 0x0, 0x0, 0x0, 0x0, 0x7,
    0xf5, 0x0, 0x7f, 0x50, 0x7, 0xf5, 0x0, 0x7f,
    0x50, 0x7, 0xf5, 0x0, 0x7f, 0x50, 0x7, 0xf5,
    0x0, 0x7f, 0x50, 0x7, 0xf5, 0x0, 0x7f, 0x50,
    0x7, 0xf5, 0x0, 0x7f, 0x50, 0x7, 0xf5, 0x0,

    /* U+00CE "Î" */
    0x0, 0xaf, 0x80, 0x0, 0x8f, 0xdf, 0x70, 0x6f,
    0x60, 0x7f, 0x53, 0x40, 0x0, 0x53, 0x0, 0x0,
    0x0, 0x0, 0x7, 0xf5, 0x0, 0x0, 0x7f, 0x50,
    0x0, 0x7, 0xf5, 0x0, 0x0, 0x7f, 0x50, 0x0,
    0x7, 0xf5, 0x0, 0x0, 0x7f, 0x50, 0x0, 0x7,
    0xf5, 0x0, 0x0, 0x7f, 0x50, 0x0, 0x7, 0xf5,
    0x0, 0x0, 0x7f, 0x50, 0x0, 0x7, 0xf5, 0x0,
    0x0, 0x7f, 0x50, 0x0, 0x7, 0xf5, 0x0,

    /* U+00CF "Ï" */
    0x1, 0x0, 0x1, 0x5, 0xf7, 0x8, 0xf4, 0x4f,
    0x60, 0x7f, 0x30, 0x0, 0x0, 0x0, 0x0, 0x7f,
    0x50, 0x0, 0x7, 0xf5, 0x0, 0x0, 0x7f, 0x50,
    0x0, 0x7, 0xf5, 0x0, 0x0, 0x7f, 0x50, 0x0,
    0x7, 0xf5, 0x0, 0x0, 0x7f, 0x50, 0x0, 0x7,
    0xf5, 0x0, 0x0, 0x7f, 0x50, 0x0, 0x7, 0xf5,
    0x0, 0x0, 0x7f, 0x50, 0x0, 0x7, 0xf5, 0x0,
    0x0, 0x7f, 0x50, 0x0,

    /* U+00D0 "Ð" */
    0x2, 0xff, 0xff, 0xfe, 0xc6, 0x0, 0x0, 0x2,
    0xfd, 0x99, 0x9b, 0xef, 0xd2, 0x0, 0x2, 0xfa,
    0x0, 0x0, 0x7, 0xfe, 0x20, 0x2, 0xfa, 0x0,
    0x0, 0x0, 0x6f, 0xb0, 0x2, 0xfa, 0x0, 0x0,
    0x0, 0xd, 0xf1, 0x14, 0xfa, 0x22, 0x21, 0x0,
    0x8, 0xf5, 0x9f, 0xff, 0xff, 0xf7, 0x0, 0x6,
    0xf6, 0x36, 0xfb, 0x55, 0x52, 0x0, 0x8, 0xf5,
    0x2, 0xfa, 0x0, 0x0, 0x0, 0xd, 0xf1, 0x2,
    0xfa, 0x0, 0x0, 0x0, 0x6f, 0xa0, 0x2, 0xfa,
    0x0, 0x0, 0x6, 0xfe, 0x10, 0x2, 0xfd, 0x99,
    0x9a, 0xef, 0xd2, 0x0, 0x2, 0xff, 0xff, 0xff,
    0xc7, 0x0, 0x0,

    /* U+00D1 "Ñ" */
    0x0, 0x0, 0x12, 0x22, 0x10, 0x0, 0x5, 0xef,
    0xff, 0xfd, 0x10, 0x0, 0x4, 0x55, 0x53, 0x0,
    0x0, 0x0, 0x0, 0x0, 0x0, 0x0, 0x7f, 0x30,
    0x0, 0x0, 0xd, 0xf7, 0xfe, 0x10, 0x0, 0x0,
    0xdf, 0x7f, 0xfb, 0x0, 0x0, 0xd, 0xf7, 0xfd,
    0xf7, 0x0, 0x0, 0xdf, 0x7f, 0x5c, 0xf3, 0x0,
    0xd, 0xf7, 0xf5, 0x1e, 0xe1, 0x0, 0xdf, 0x7f,
    0x50, 0x4f, 0xb0, 0xd, 0xf7, 0xf5, 0x0, 0x8f,
    0x80, 0xdf, 0x7f, 0x50, 0x0, 0xbf, 0x4d, 0xf7,
    0xf5, 0x0, 0x1, 0xee, 0xef, 0x7f, 0x50, 0x0,
    0x3, 0xff, 0xf7, 0xf5, 0x0, 0x0, 0x7, 0xff,
    0x7f, 0x50, 0x0, 0x0, 0xb, 0xf0,

    /* U+00D2 "Ò" */
    0x0, 0x0, 0x0, 0x70, 0x0, 0x0, 0x0, 0x0,
    0x0, 0x0, 0x7f, 0x90, 0x0, 0x0, 0x0, 0x0,
    0x0, 0x0, 0x9f, 0x70, 0x0, 0x0, 0x0, 0x0,
    0x0, 0x0, 0x5b, 0x0, 0x0, 0x0, 0x0, 0x0,
    0x0, 0x0, 0x0, 0x0, 0x0, 0x0, 0x0, 0x4,
    0xae, 0xfe, 0xa4, 0x0, 0x0, 0x0, 0xa, 0xff,
    0xcb, 0xcf, 0xfb, 0x0, 0x0, 0xb, 0xfb, 0x10,
    0x0, 0x1a, 0xfb, 0x0, 0x5, 0xfb, 0x0, 0x0,
    0x0, 0xa, 0xf6, 0x0, 0xcf, 0x20, 0x0, 0x0,
    0x0, 0x1f, 0xd0, 0xf, 0xd0, 0x0, 0x0, 0x0,
    0x0, 0xcf, 0x11, 0xfc, 0x0, 0x0, 0x0, 0x0,
    0xa, 0xf2, 0xf, 0xd0, 0x0, 0x0, 0x0, 0x0,
    0xcf, 0x10, 0xcf, 0x20, 0x0, 0x0, 0x0, 0x1f,
    0xd0, 0x5, 0xfb, 0x0, 0x0, 0x0, 0xa, 0xf6,
    0x0, 0xa, 0xfb, 0x10, 0x0, 0x1a, 0xfb, 0x0,
    0x0, 0xa, 0xff, 0xcb, 0xcf, 0xfb, 0x10, 0x0,
    0x0, 0x4, 0xae, 0xfe, 0xb5, 0x0, 0x0,

    /* U+00D3 "Ó" */
    0x0, 0x0, 0x0, 0x3, 0x70, 0x0, 0x0, 0x0,
    0x0, 0x0, 0x2, 0xef, 0x20, 0x0, 0x0, 0x0,
    0x0, 0x0, 0xde, 0x30, 0x0, 0x0, 0x0, 0x0,
    0x0, 0x1a, 0x10, 0x0, 0x0, 0x0, 0x0, 0x0,
    0x0, 0x0, 0x0, 0x0, 0x0, 0x0, 0x0, 0x4,
    0xae, 0xfe, 0xa4, 0x0, 0x0, 0x0, 0xa, 0xff,
    0xcb, 0xcf, 0xfb, 0x0, 0x0, 0xb, 0xfb, 0x10,
    0x0, 0x1a, 0xfb, 0x0, 0x5, 0xfb, 0x0, 0x0,
    0x0, 0xa, 0xf6, 0x0, 0xcf, 0x20, 0x0, 0x0,
    0x0, 0x1f, 0xd0, 0xf, 0xd0, 0x0, 0x0, 0x0,
    0x0, 0xcf, 0x11, 0xfc, 0x0, 0x0, 0x0, 0x0,
    0xa, 0xf2, 0xf, 0xd0, 0x0, 0x0, 0x0, 0x0,
    0xcf, 0x10, 0xcf, 0x20, 0x0, 0x0, 0x0, 0x1f,
    0xd0, 0x5, 0xfb, 0x0, 0x0, 0x0, 0xa, 0xf6,
    0x0, 0xa, 0xfb, 0x10, 0x0, 0x1a, 0xfb, 0x0,
    0x0, 0xa, 0xff, 0xcb, 0xcf, 0xfb, 0x10, 0x0,
    0x0, 0x4, 0xae, 0xfe, 0xb5, 0x0, 0x0,

    /* U+00D4 "Ô" */
    0x0, 0x0, 0x0, 0x8f, 0x90, 0x0, 0x0, 0x0,
    0x0, 0x0, 0x6f, 0xef, 0x70, 0x0, 0x0, 0x0,
    0x0, 0x4f, 0x90, 0x8f, 0x50, 0x0, 0x0, 0x0,
    0x4, 0x60, 0x0, 0x65, 0x0, 0x0, 0x0, 0x0,
    0x0, 0x0, 0x0, 0x0, 0x0, 0x0, 0x0, 0x4,
    0xae, 0xfe, 0xa4, 0x0, 0x0, 0x0, 0xa, 0xff,
    0xcb, 0xcf, 0xfb, 0x0, 0x0, 0xb, 0xfb, 0x10,
    0x0, 0x1a, 0xfb, 0x0, 0x5, 0xfb, 0x0, 0x0,
    0x0, 0xa, 0xf6, 0x0, 0xcf, 0x20, 0x0, 0x0,
    0x0, 0x1f, 0xd0, 0xf, 0xd0, 0x0, 0x0, 0x0,
    0x0, 0xcf, 0x11, 0xfc, 0x0, 0x0, 0x0, 0x0,
    0xa, 0xf2, 0xf, 0xd0, 0x0, 0x0, 0x0, 0x0,
    0xcf, 0x10, 0xcf, 0x20, 0x0, 0x0, 0x0, 0x1f,
    0xd0, 0x5, 0xfb, 0x0, 0x0, 0x0, 0xa, 0xf6,
    0x0, 0xa, 0xfb, 0x10, 0x0, 0x1a, 0xfb, 0x0,
    0x0, 0xa, 0xff, 0xcb, 0xcf, 0xfb, 0x10, 0x0,
    0x0, 0x4, 0xae, 0xfe, 0xb5, 0x0, 0x0,

    /* U+00D5 "Õ" */
    0x0, 0x0, 0x0, 0x10, 0x0, 0x0, 0x0, 0x0,
    0x0, 0x5, 0xff, 0xb3, 0x58, 0x0, 0x0, 0x0,
    0x0, 0xa9, 0x6d, 0xff, 0x90, 0x0, 0x0, 0x0,
    0x0, 0x0, 0x3, 0x30, 0x0, 0x0, 0x0, 0x0,
    0x0, 0x0, 0x0, 0x0, 0x0, 0x0, 0x0, 0x4,
    0xae, 0xfe, 0xa4, 0x0, 0x0, 0x0, 0xa, 0xff,
    0xcb, 0xcf, 0xfb, 0x0, 0x0, 0xb, 0xfb, 0x10,
    0x0, 0x1a, 0xfb, 0x0, 0x5, 0xfb, 0x0, 0x0,
    0x0, 0xa, 0xf6, 0x0, 0xcf, 0x20, 0x0, 0x0,
    0x0, 0x1f, 0xd0, 0xf, 0xd0, 0x0, 0x0, 0x0,
    0x0, 0xcf, 0x11, 0xfc, 0x0, 0x0, 0x0, 0x0,
    0xa, 0xf2, 0xf, 0xd0, 0x0, 0x0, 0x0, 0x0,
    0xcf, 0x10, 0xcf, 0x20, 0x0, 0x0, 0x0, 0x1f,
    0xd0, 0x5, 0xfb, 0x0, 0x0, 0x0, 0xa, 0xf6,
    0x0, 0xa, 0xfb, 0x10, 0x0, 0x1a, 0xfb, 0x0,
    0x0, 0xa, 0xff, 0xcb, 0xcf, 0xfb, 0x10, 0x0,
    0x0, 0x4, 0xae, 0xfe, 0xb5, 0x0, 0x0,

    /* U+00D6 "Ö" */
    0x0, 0x0, 0x3f, 0x70, 0x6f, 0x40, 0x0, 0x0,
    0x0, 0x4, 0xf8, 0x7, 0xf5, 0x0, 0x0, 0x0,
    0x0, 0x1, 0x0, 0x1, 0x0, 0x0, 0x0, 0x0,
    0x0, 0x0, 0x0, 0x0, 0x0, 0x0, 0x0, 0x0,
    0x4a, 0xef, 0xea, 0x40, 0x0, 0x0, 0x0, 0xaf,
    0xfc, 0xbc, 0xff, 0xb0, 0x0, 0x0, 0xbf, 0xb1,
    0x0, 0x1, 0xaf, 0xb0, 0x0, 0x5f, 0xb0, 0x0,
    0x0, 0x0, 0xaf, 0x60, 0xc, 0xf2, 0x0, 0x0,
    0x0, 0x1, 0xfd, 0x0, 0xfd, 0x0, 0x0, 0x0,
    0x0, 0xc, 0xf1, 0x1f, 0xc0, 0x0, 0x0, 0x0,
    0x0, 0xaf, 0x20, 0xfd, 0x0, 0x0, 0x0, 0x0,
    0xc, 0xf1, 0xc, 0xf2, 0x0, 0x0, 0x0, 0x1,
    0xfd, 0x0, 0x5f, 0xb0, 0x0, 0x0, 0x0, 0xaf,
    0x60, 0x0, 0xaf, 0xb1, 0x0, 0x1, 0xaf, 0xb0,
    0x0, 0x0, 0xaf, 0xfc, 0xbc, 0xff, 0xb1, 0x0,
    0x0, 0x0, 0x4a, 0xef, 0xeb, 0x50, 0x0, 0x0,

    /* U+00D7 "×" */
    0x0, 0x0, 0x0, 0x0, 0x1, 0xa1, 0x0, 0x9,
    0x80, 0x5f, 0xd1, 0x9, 0xf9, 0x0, 0x5f, 0xda,
    0xf9, 0x0, 0x0, 0x5f, 0xf9, 0x0, 0x0, 0xa,
    0xff, 0xd1, 0x0, 0xa, 0xf8, 0x4f, 0xe2, 0x8,
    0xf8, 0x0, 0x4f, 0xb0, 0x5, 0x0, 0x0, 0x30,
    0x0,

    /* U+00D8 "Ø" */
    0x0, 0x0, 0x4a, 0xef, 0xea, 0x40, 0x54, 0x0,
    0x0, 0xaf, 0xfc, 0xbd, 0xff, 0xcf, 0xd0, 0x0,
    0xbf, 0xb1, 0x0, 0x2, 0xdf, 0xf1, 0x0, 0x5f,
    0xb0, 0x0, 0x0, 0x7f, 0xff, 0x60, 0xc, 0xf2,
    0x0, 0x0, 0x8f, 0xc2, 0xfd, 0x0, 0xfd, 0x0,
    0x0, 0x9f, 0xb0, 0xc, 0xf1, 0x1f, 0xb0, 0x0,
    0x9f, 0xa0, 0x0, 0xbf, 0x20, 0xfd, 0x0, 0xaf,
    0xa0, 0x0, 0xc, 0xf1, 0xc, 0xf3, 0xbf, 0x90,
    0x0, 0x1, 0xfd, 0x0, 0x5f, 0xff, 0x80, 0x0,
    0x0, 0xaf, 0x60, 0x1, 0xef, 0xe2, 0x0, 0x1,
    0xaf, 0xc0, 0x0, 0xcf, 0xcf, 0xfd, 0xbc, 0xff,
    0xb1, 0x0, 0x3, 0x60, 0x4a, 0xef, 0xeb, 0x50,
    0x0, 0x0,

    /* U+00D9 "Ù" */
    0x0, 0x1, 0xa0, 0x0, 0x0, 0x0, 0x0, 0x7f,
    0xb0, 0x0, 0x0, 0x0, 0x0, 0x6f, 0x80, 0x0,
    0x0, 0x0, 0x0, 0x38, 0x0, 0x0, 0x0, 0x0,
    0x0, 0x0, 0x0, 0x9, 0xf3, 0x0, 0x0, 0x3,
    0xf9, 0x9f, 0x30, 0x0, 0x0, 0x3f, 0x99, 0xf3,
    0x0, 0x0, 0x3, 0xf9, 0x9f, 0x30, 0x0, 0x0,
    0x3f, 0x99, 0xf3, 0x0, 0x0, 0x3, 0xf9, 0x9f,
    0x30, 0x0, 0x0, 0x3f, 0x99, 0xf3, 0x0, 0x0,
    0x3, 0xf9, 0x9f, 0x30, 0x0, 0x0, 0x3f, 0x98,
    0xf3, 0x0, 0x0, 0x4, 0xf8, 0x5f, 0x80, 0x0,
    0x0, 0x8f, 0x50, 0xef, 0x50, 0x0, 0x5f, 0xe0,
    0x3, 0xff, 0xdb, 0xdf, 0xf3, 0x0, 0x2, 0x9e,
    0xfe, 0x92, 0x0,

    /* U+00DA "Ú" */
    0x0, 0x0, 0x0, 0x0, 0x0, 0x0, 0x0, 0x0,
    0x69, 0x0, 0x0, 0x0, 0x0, 0x4f, 0xe2, 0x0,
    0x0, 0x0, 0x2e, 0xc1, 0x0, 0x0, 0x0, 0x0,
    0x70, 0x0, 0x0, 0x0, 0x0, 0x0, 0x0, 0x0,
    0x0, 0x9f, 0x30, 0x0, 0x0, 0x3f, 0x99, 0xf3,
    0x0, 0x0, 0x3, 0xf9, 0x9f, 0x30, 0x0, 0x0,
    0x3f, 0x99, 0xf3, 0x0, 0x0, 0x3, 0xf9, 0x9f,
    0x30, 0x0, 0x0, 0x3f, 0x99, 0xf3, 0x0, 0x0,
    0x3, 0xf9, 0x9f, 0x30, 0x0, 0x0, 0x3f, 0x99,
    0xf3, 0x0, 0x0, 0x3, 0xf9, 0x8f, 0x30, 0x0,
    0x0, 0x4f, 0x85, 0xf8, 0x0, 0x0, 0x8, 0xf5,
    0xe, 0xf5, 0x0, 0x5, 0xfe, 0x0, 0x3f, 0xfd,
    0xbd, 0xff, 0x30, 0x0, 0x29, 0xef, 0xe9, 0x20,
    0x0,

    /* U+00DB "Û" */
    0x0, 0x0, 0xaf, 0x90, 0x0, 0x0, 0x0, 0x8f,
    0xdf, 0x70, 0x0, 0x0, 0x6f, 0x70, 0x7f, 0x50,
    0x0, 0x3, 0x40, 0x0, 0x43, 0x0, 0x0, 0x0,
    0x0, 0x0, 0x0, 0x9, 0xf3, 0x0, 0x0, 0x3,
    0xf9, 0x9f, 0x30, 0x0, 0x0, 0x3f, 0x99, 0xf3,
    0x0, 0x0, 0x3, 0xf9, 0x9f, 0x30, 0x0, 0x0,
    0x3f, 0x99, 0xf3, 0x0, 0x0, 0x3, 0xf9, 0x9f,
    0x30, 0x0, 0x0, 0x3f, 0x99, 0xf3, 0x0, 0x0,
    0x3, 0xf9, 0x9f, 0x30, 0x0, 0x0, 0x3f, 0x98,
    0xf3, 0x0, 0x0, 0x4, 0xf8, 0x5f, 0x80, 0x0,
    0x0, 0x8f, 0x50, 0xef, 0x50, 0x0, 0x5f, 0xe0,
    0x3, 0xff, 0xdb, 0xdf, 0xf3, 0x0, 0x2, 0x9e,
    0xfe, 0x92, 0x0,

    /* U+00DC "Ü" */
    0x0, 0x4f, 0x60, 0x7f, 0x40, 0x0, 0x5, 0xf8,
    0x8, 0xf5, 0x0, 0x0, 0x1, 0x0, 0x1, 0x0,
    0x0, 0x0, 0x0, 0x0, 0x0, 0x0, 0x9f, 0x30,
    0x0, 0x0, 0x3f, 0x99, 0xf3, 0x0, 0x0, 0x3,
    0xf9, 0x9f, 0x30, 0x0, 0x0, 0x3f, 0x99, 0xf3,
    0x0, 0x0, 0x3, 0xf9, 0x9f, 0x30, 0x0, 0x0,
    0x3f, 0x99, 0xf3, 0x0, 0x0, 0x3, 0xf9, 0x9f,
    0x30, 0x0, 0x0, 0x3f, 0x99, 0xf3, 0x0, 0x0,
    0x3, 0xf9, 0x8f, 0x30, 0x0, 0x0, 0x4f, 0x85,
    0xf8, 0x0, 0x0, 0x8, 0xf5, 0xe, 0xf5, 0x0,
    0x5, 0xfe, 0x0, 0x3f, 0xfd, 0xbd, 0xff, 0x30,
    0x0, 0x29, 0xef, 0xe9, 0x20, 0x0,

    /* U+00DD "Ý" */
    0x0, 0x0, 0x0, 0x0, 0x0, 0x0, 0x0, 0x0,
    0x0, 0x9, 0x70, 0x0, 0x0, 0x0, 0x0, 0x6,
    0xfc, 0x0, 0x0, 0x0, 0x0, 0x4, 0xfa, 0x0,
    0x0, 0x0, 0x0, 0x0, 0x26, 0x0, 0x0, 0x0,
    0x0, 0x0, 0x0, 0x0, 0x0, 0x0, 0x0, 0x2f,
    0xe0, 0x0, 0x0, 0x4, 0xfc, 0x0, 0x7f, 0x90,
    0x0, 0x0, 0xef, 0x20, 0x0, 0xcf, 0x40, 0x0,
    0x9f, 0x60, 0x0, 0x2, 0xfe, 0x0, 0x4f, 0xb0,
    0x0, 0x0, 0x6, 0xf9, 0xd, 0xf1, 0x0, 0x0,
    0x0, 0xc, 0xfb, 0xf6, 0x0, 0x0, 0x0, 0x0,
    0x2f, 0xfb, 0x0, 0x0, 0x0, 0x0, 0x0, 0x9f,
    0x30, 0x0, 0x0, 0x0, 0x0, 0x9, 0xf3, 0x0,
    0x0, 0x0, 0x0, 0x0, 0x9f, 0x30, 0x0, 0x0,
    0x0, 0x0, 0x9, 0xf3, 0x0, 0x0, 0x0, 0x0,
    0x0, 0x9f, 0x30, 0x0, 0x0, 0x0, 0x0, 0x9,
    0xf3, 0x0, 0x0, 0x0,

    /* U+00DE "Þ" */
    0x7f, 0x50, 0x0, 0x0, 0x0, 0x7f, 0x50, 0x0,
    0x0, 0x0, 0x7f, 0xa8, 0x87, 0x61, 0x0, 0x7f,
    0xff, 0xff, 0xff, 0x50, 0x7f, 0x50, 0x0, 0x4e,
    0xf3, 0x7f, 0x50, 0x0, 0x5, 0xf9, 0x7f, 0x50,
    0x0, 0x2, 0xfa, 0x7f, 0x50, 0x0, 0x5, 0xf9,
    0x7f, 0x50, 0x0, 0x4e, 0xf3, 0x7f, 0xff, 0xff,
    0xff, 0x50, 0x7f, 0xb8, 0x88, 0x61, 0x0, 0x7f,
    0x50, 0x0, 0x0, 0x0, 0x7f, 0x50, 0x0, 0x0,
    0x0,

    /* U+00DF "ß" */
    0x0, 0x37, 0x86, 0x0, 0x0, 0x8, 0xff, 0xff,
    0xe2, 0x0, 0x5f, 0xb2, 0x5, 0xfd, 0x0, 0xaf,
    0x10, 0x0, 0xaf, 0x10, 0xbf, 0x0, 0x0, 0xbf,
    0x0, 0xcf, 0x0, 0x27, 0xf7, 0x0, 0xcf, 0x4,
    0xff, 0xf5, 0x0, 0xcf, 0x1, 0x57, 0xef, 0x70,
    0xcf, 0x0, 0x0, 0x1f, 0xf0, 0xcf, 0x0, 0x0,
    0xb, 0xf3, 0xcf, 0x0, 0x0, 0xb, 0xf3, 0xcf,
    0x0, 0x0, 0x2f, 0xe0, 0xcf, 0x1d, 0xba, 0xff,
    0x60, 0xcf, 0x1a, 0xff, 0xc4, 0x0,

    /* U+00E0 "à" */
    0x0, 0x0, 0x70, 0x0, 0x0, 0x0, 0x6, 0xfa,
    0x0, 0x0, 0x0, 0x0, 0x8f, 0x70, 0x0, 0x0,
    0x0, 0x5, 0xb0, 0x0, 0x0, 0x0, 0x0, 0x0,
    0x0, 0x0, 0x2a, 0xef, 0xb3, 0xed, 0x3, 0xff,
    0xb9, 0xdf, 0xfd, 0xd, 0xf4, 0x0, 0x9, 0xfd,
    0x2f, 0xa0, 0x0, 0x0, 0xfd, 0x4f, 0x70, 0x0,
    0x0, 0xdd, 0x2f, 0xa0, 0x0, 0x0, 0xfd, 0xd,
    0xf4, 0x0, 0x9, 0xfd, 0x3, 0xff, 0xb9, 0xdf,
    0xfd, 0x0, 0x2b, 0xef, 0xb3, 0xed,

    /* U+00E1 "á" */
    0x0, 0x0, 0x3, 0x80, 0x0, 0x0, 0x0, 0x1e,
    0xf3, 0x0, 0x0, 0x0, 0xce, 0x30, 0x0, 0x0,
    0x1, 0xa1, 0x0, 0x0, 0x0, 0x0, 0x0, 0x0,
    0x0, 0x0, 0x2a, 0xef, 0xb3, 0xed, 0x3, 0xff,
    0xb9, 0xdf, 0xfd, 0xd, 0xf4, 0x0, 0x9, 0xfd,
    0x2f, 0xa0, 0x0, 0x0, 0xfd, 0x4f, 0x70, 0x0,
    0x0, 0xdd, 0x2f, 0xa0, 0x0, 0x0, 0xfd, 0xd,
    0xf4, 0x0, 0x9, 0xfd, 0x3, 0xff, 0xb9, 0xdf,
    0xfd, 0x0, 0x2b, 0xef, 0xb3, 0xed,

    /* U+00E2 "â" */
    0x0, 0x0, 0x8f, 0xa0, 0x0, 0x0, 0x5, 0xfe,
    0xf8, 0x0, 0x0, 0x3f, 0x90, 0x7f, 0x50, 0x0,
    0x46, 0x0, 0x5, 0x60, 0x0, 0x0, 0x0, 0x0,
    0x0, 0x0, 0x2a, 0xef, 0xb3, 0xed, 0x3, 0xff,
    0xb9, 0xdf, 0xfd, 0xd, 0xf4, 0x0, 0x9, 0xfd,
    0x2f, 0xa0, 0x0, 0x0, 0xfd, 0x4f, 0x70, 0x0,
    0x0, 0xdd, 0x2f, 0xa0, 0x0, 0x0, 0xfd, 0xd,
    0xf4, 0x0, 0x9, 0xfd, 0x3, 0xff, 0xb9, 0xdf,
    0xfd, 0x0, 0x2b, 0xef, 0xb3, 0xed,

    /* U+00E3 "ã" */
    0x0, 0x3d, 0xea, 0x34, 0x80, 0x0, 0xab, 0x8d,
    0xff, 0xa0, 0x0, 0x0, 0x0, 0x33, 0x0, 0x0,
    0x0, 0x0, 0x0, 0x0, 0x0, 0x2a, 0xef, 0xb3,
    0xed, 0x3, 0xff, 0xb9, 0xdf, 0xfd, 0xd, 0xf4,
    0x0, 0x9, 0xfd, 0x2f, 0xa0, 0x0, 0x0, 0xfd,
    0x4f, 0x70, 0x0, 0x0, 0xdd, 0x2f, 0xa0, 0x0,
    0x0, 0xfd, 0xd, 0xf4, 0x0, 0x9, 0xfd, 0x3,
    0xff, 0xb9, 0xdf, 0xfd, 0x0, 0x2b, 0xef, 0xb3,
    0xed,

    /* U+00E4 "ä" */
    0x0, 0x3e, 0x80, 0x5f, 0x50, 0x0, 0x3f, 0x90,
    0x7f, 0x60, 0x0, 0x1, 0x0, 0x1, 0x0, 0x0,
    0x0, 0x0, 0x0, 0x0, 0x0, 0x2a, 0xef, 0xb3,
    0xed, 0x3, 0xff, 0xb9, 0xdf, 0xfd, 0xd, 0xf4,
    0x0, 0x9, 0xfd, 0x2f, 0xa0, 0x0, 0x0, 0xfd,
    0x4f, 0x70, 0x0, 0x0, 0xdd, 0x2f, 0xa0, 0x0,
    0x0, 0xfd, 0xd, 0xf4, 0x0, 0x9, 0xfd, 0x3,
    0xff, 0xb9, 0xdf, 0xfd, 0x0, 0x2b, 0xef, 0xb3,
    0xed,

    /* U+00E5 "å" */
    0x0, 0x1, 0xbf, 0xc2, 0x0, 0x0, 0x8, 0xd3,
    0xbb, 0x0, 0x0, 0x9, 0xc0, 0x9c, 0x0, 0x0,
    0x2, 0xef, 0xf4, 0x0, 0x0, 0x0, 0x2, 0x0,
    0x0, 0x0, 0x2a, 0xef, 0xb3, 0xed, 0x3, 0xff,
    0xb9, 0xdf, 0xfd, 0xd, 0xf4, 0x0, 0x9, 0xfd,
    0x2f, 0xa0, 0x0, 0x0, 0xfd, 0x4f, 0x70, 0x0,
    0x0, 0xdd, 0x2f, 0xa0, 0x0, 0x0, 0xfd, 0xd,
    0xf4, 0x0, 0x9, 0xfd, 0x3, 0xff, 0xb9, 0xdf,
    0xfd, 0x0, 0x2b, 0xef, 0xb3, 0xed,

    /* U+00E6 "æ" */
    0x0, 0x2a, 0xef, 0xb3, 0xed, 0x5c, 0xfe, 0xa2,
    0x0, 0x3, 0xff, 0xb9, 0xcf, 0xff, 0xfd, 0x9a,
    0xff, 0x20, 0xd, 0xf3, 0x0, 0x8, 0xff, 0xa0,
    0x0, 0x2f, 0xb0, 0x2f, 0x90, 0x0, 0x0, 0xff,
    0x31, 0x11, 0x1b, 0xf0, 0x4f, 0x70, 0x0, 0x0,
    0xff, 0xff, 0xff, 0xff, 0xf1, 0x2f, 0xa0, 0x0,
    0x0, 0xff, 0x54, 0x44, 0x44, 0x40, 0xd, 0xf4,
    0x0, 0x9, 0xff, 0xa0, 0x0, 0x4, 0x0, 0x3,
    0xff, 0xb9, 0xdf, 0xff, 0xfe, 0xaa, 0xef, 0x40,
    0x0, 0x2b, 0xef, 0xb3, 0xed, 0x5c, 0xff, 0xc5,
    0x0,

    /* U+00E7 "ç" */
    0x0, 0x29, 0xef, 0xd7, 0x0, 0x3f, 0xfc, 0xad,
    0xf9, 0xd, 0xf4, 0x0, 0x5, 0x3, 0xf9, 0x0,
    0x0, 0x0, 0x4f, 0x70, 0x0, 0x0, 0x3, 0xfa,
    0x0, 0x0, 0x0, 0xd, 0xf4, 0x0, 0x5, 0x0,
    0x3e, 0xfb, 0xad, 0xf9, 0x0, 0x29, 0xff, 0xd7,
    0x0, 0x0, 0xd, 0xb1, 0x0, 0x0, 0x0, 0x8c,
    0xe0, 0x0, 0x0, 0x62, 0x7f, 0x20, 0x0, 0x2c,
    0xfe, 0x70, 0x0,

    /* U+00E8 "è" */
    0x0, 0x1, 0x60, 0x0, 0x0, 0x0, 0xb, 0xf6,
    0x0, 0x0, 0x0, 0x1, 0xbf, 0x30, 0x0, 0x0,
    0x0, 0x8, 0x80, 0x0, 0x0, 0x0, 0x0, 0x0,
    0x0, 0x0, 0x29, 0xef, 0xd6, 0x0, 0x3, 0xff,
    0xa9, 0xdf, 0x80, 0xd, 0xf2, 0x0, 0xa, 0xf2,
    0x3f, 0x91, 0x11, 0x14, 0xf7, 0x4f, 0xff, 0xff,
    0xff, 0xf8, 0x3f, 0xa4, 0x44, 0x44, 0x42, 0xd,
    0xe2, 0x0, 0x3, 0x10, 0x3, 0xff, 0xb9, 0xcf,
    0xb0, 0x0, 0x29, 0xef, 0xd8, 0x10,

    /* U+00E9 "é" */
    0x0, 0x0, 0x6, 0x40, 0x0, 0x0, 0x0, 0x4f,
    0xd0, 0x0, 0x0, 0x2, 0xfc, 0x10, 0x0, 0x0,
    0x4, 0x90, 0x0, 0x0, 0x0, 0x0, 0x0, 0x0,
    0x0, 0x0, 0x29, 0xef, 0xd6, 0x0, 0x3, 0xff,
    0xa9, 0xdf, 0x80, 0xd, 0xf2, 0x0, 0xa, 0xf2,
    0x3f, 0x91, 0x11, 0x14, 0xf7, 0x4f, 0xff, 0xff,
    0xff, 0xf8, 0x3f, 0xa4, 0x44, 0x44, 0x42, 0xd,
    0xe2, 0x0, 0x3, 0x10, 0x3, 0xff, 0xb9, 0xcf,
    0xb0, 0x0, 0x29, 0xef, 0xd8, 0x10,

    /* U+00EA "ê" */
    0x0, 0x0, 0xcf, 0x60, 0x0, 0x0, 0xa, 0xfe,
    0xf4, 0x0, 0x0, 0x7f, 0x60, 0xbe, 0x20, 0x0,
    0x73, 0x0, 0x8, 0x20, 0x0, 0x0, 0x0, 0x0,
    0x0, 0x0, 0x29, 0xef, 0xd6, 0x0, 0x3, 0xff,
    0xa9, 0xdf, 0x80, 0xd, 0xf2, 0x0, 0xa, 0xf2,
    0x3f, 0x91, 0x11, 0x14, 0xf7, 0x4f, 0xff, 0xff,
    0xff, 0xf8, 0x3f, 0xa4, 0x44, 0x44, 0x42, 0xd,
    0xe2, 0x0, 0x3, 0x10, 0x3, 0xff, 0xb9, 0xcf,
    0xb0, 0x0, 0x29, 0xef, 0xd8, 0x10,

    /* U+00EB "ë" */
    0x0, 0x7f, 0x40, 0xae, 0x10, 0x0, 0x8f, 0x50,
    0xbf, 0x20, 0x0, 0x1, 0x0, 0x0, 0x0, 0x0,
    0x0, 0x0, 0x0, 0x0, 0x0, 0x29, 0xef, 0xd6,
    0x0, 0x3, 0xff, 0xa9, 0xdf, 0x80, 0xd, 0xf2,
    0x0, 0xa, 0xf2, 0x3f, 0x91, 0x11, 0x14, 0xf7,
    0x4f, 0xff, 0xff, 0xff, 0xf8, 0x3f, 0xa4, 0x44,
    0x44, 0x42, 0xd, 0xe2, 0x0, 0x3, 0x10, 0x3,
    0xff, 0xb9, 0xcf, 0xb0, 0x0, 0x29, 0xef, 0xd8,
    0x10,

    /* U+00EC "ì" */
    0x4, 0x70, 0x0, 0xdf, 0x50, 0x1, 0xbf, 0x30,
    0x0, 0x83, 0x0, 0x0, 0x0, 0xc, 0xf0, 0x0,
    0xcf, 0x0, 0xc, 0xf0, 0x0, 0xcf, 0x0, 0xc,
    0xf0, 0x0, 0xcf, 0x0, 0xc, 0xf0, 0x0, 0xcf,
    0x0, 0xc, 0xf0,

    /* U+00ED "í" */
    0x0, 0x0, 0x0, 0xb, 0x40, 0xa, 0xfa, 0x7,
    0xf7, 0x0, 0x44, 0x0, 0x0, 0x0, 0x0, 0xc,
    0xf0, 0x0, 0xcf, 0x0, 0xc, 0xf0, 0x0, 0xcf,
    0x0, 0xc, 0xf0, 0x0, 0xcf, 0x0, 0xc, 0xf0,
    0x0, 0xcf, 0x0, 0xc, 0xf0, 0x0,

    /* U+00EE "î" */
    0x0, 0x6, 0x70, 0x0, 0x0, 0x8f, 0xfb, 0x0,
    0x8, 0xf7, 0x4e, 0xb0, 0x9, 0x30, 0x1, 0x91,
    0x0, 0x0, 0x0, 0x0, 0x0, 0xc, 0xf0, 0x0,
    0x0, 0xc, 0xf0, 0x0, 0x0, 0xc, 0xf0, 0x0,
    0x0, 0xc, 0xf0, 0x0, 0x0, 0xc, 0xf0, 0x0,
    0x0, 0xc, 0xf0, 0x0, 0x0, 0xc, 0xf0, 0x0,
    0x0, 0xc, 0xf0, 0x0, 0x0, 0xc, 0xf0, 0x0,

    /* U+00EF "ï" */
    0x9e, 0x10, 0xcd, 0xb, 0xf2, 0xe, 0xe0, 0x0,
    0x0, 0x0, 0x0, 0x0, 0x0, 0x0, 0x0, 0xcf,
    0x0, 0x0, 0xc, 0xf0, 0x0, 0x0, 0xcf, 0x0,
    0x0, 0xc, 0xf0, 0x0, 0x0, 0xcf, 0x0, 0x0,
    0xc, 0xf0, 0x0, 0x0, 0xcf, 0x0, 0x0, 0xc,
    0xf0, 0x0, 0x0, 0xcf, 0x0, 0x0,

    /* U+00F0 "ð" */
    0x0, 0xc, 0xf5, 0x5a, 0x20, 0x0, 0x7, 0xff,
    0xe9, 0x20, 0x2, 0xfe, 0x9f, 0xd0, 0x0, 0x0,
    0x30, 0x5, 0xf9, 0x0, 0x0, 0x3b, 0xfe, 0xff,
    0x50, 0x3, 0xff, 0x86, 0xaf, 0xe1, 0xd, 0xf3,
    0x0, 0x7, 0xf8, 0x2f, 0xb0, 0x0, 0x0, 0xfd,
    0x3f, 0x90, 0x0, 0x0, 0xdf, 0x1f, 0xc0, 0x0,
    0x1, 0xfd, 0xb, 0xf6, 0x0, 0xa, 0xf7, 0x1,
    0xef, 0xca, 0xef, 0xc0, 0x0, 0x19, 0xef, 0xd7,
    0x0,

    /* U+00F1 "ñ" */
    0x6, 0xec, 0x10, 0x21, 0x2, 0xf9, 0xbc, 0x3b,
    0x90, 0x7, 0x0, 0xbf, 0xf3, 0x0, 0x0, 0x0,
    0x41, 0x0, 0xcf, 0x4c, 0xfe, 0x80, 0xc, 0xff,
    0x86, 0xbf, 0xa0, 0xcf, 0x50, 0x0, 0xbf, 0x2c,
    0xf0, 0x0, 0x6, 0xf5, 0xcf, 0x0, 0x0, 0x5f,
    0x5c, 0xf0, 0x0, 0x5, 0xf5, 0xcf, 0x0, 0x0,
    0x5f, 0x5c, 0xf0, 0x0, 0x5, 0xf5, 0xcf, 0x0,
    0x0, 0x5f, 0x50,

    /* U+00F2 "ò" */
    0x0, 0x0, 0x70, 0x0, 0x0, 0x0, 0x0, 0x9f,
    0x70, 0x0, 0x0, 0x0, 0x0, 0xbf, 0x40, 0x0,
    0x0, 0x0, 0x0, 0x79, 0x0, 0x0, 0x0, 0x0,
    0x0, 0x0, 0x0, 0x0, 0x1, 0x9e, 0xfd, 0x70,
    0x0, 0x2, 0xef, 0xca, 0xdf, 0xc0, 0x0, 0xdf,
    0x40, 0x0, 0x7f, 0x90, 0x3f, 0x90, 0x0, 0x0,
    0xdf, 0x4, 0xf7, 0x0, 0x0, 0xb, 0xf0, 0x2f,
    0xa0, 0x0, 0x0, 0xdf, 0x0, 0xdf, 0x40, 0x0,
    0x8f, 0x90, 0x2, 0xef, 0xba, 0xdf, 0xc0, 0x0,
    0x1, 0x9e, 0xfd, 0x70, 0x0,

    /* U+00F3 "ó" */
    0x0, 0x0, 0x5, 0x50, 0x0, 0x0, 0x0, 0x3,
    0xfe, 0x10, 0x0, 0x0, 0x1, 0xed, 0x20, 0x0,
    0x0, 0x0, 0x29, 0x0, 0x0, 0x0, 0x0, 0x0,
    0x0, 0x0, 0x0, 0x0, 0x1, 0x9e, 0xfd, 0x70,
    0x0, 0x2, 0xef, 0xca, 0xdf, 0xc0, 0x0, 0xdf,
    0x40, 0x0, 0x7f, 0x90, 0x3f, 0x90, 0x0, 0x0,
    0xdf, 0x4, 0xf7, 0x0, 0x0, 0xb, 0xf0, 0x2f,
    0xa0, 0x0, 0x0, 0xdf, 0x0, 0xdf, 0x40, 0x0,
    0x8f, 0x90, 0x2, 0xef, 0xba, 0xdf, 0xc0, 0x0,
    0x1, 0x9e, 0xfd, 0x70, 0x0,

    /* U+00F4 "ô" */
    0x0, 0x0, 0xbf, 0x70, 0x0, 0x0, 0x0, 0x8f,
    0xef, 0x50, 0x0, 0x0, 0x6f, 0x70, 0xaf, 0x30,
    0x0, 0x6, 0x40, 0x0, 0x83, 0x0, 0x0, 0x0,
    0x0, 0x0, 0x0, 0x0, 0x1, 0x9e, 0xfd, 0x70,
    0x0, 0x2, 0xef, 0xca, 0xdf, 0xc0, 0x0, 0xdf,
    0x40, 0x0, 0x7f, 0x90, 0x3f, 0x90, 0x0, 0x0,
    0xdf, 0x4, 0xf7, 0x0, 0x0, 0xb, 0xf0, 0x2f,
    0xa0, 0x0, 0x0, 0xdf, 0x0, 0xdf, 0x40, 0x0,
    0x8f, 0x90, 0x2, 0xef, 0xba, 0xdf, 0xc0, 0x0,
    0x1, 0x9e, 0xfd, 0x70, 0x0,

    /* U+00F5 "õ" */
    0x0, 0x5e, 0xe8, 0x36, 0x60, 0x0, 0xc, 0x99,
    0xef, 0xf7, 0x0, 0x0, 0x0, 0x0, 0x32, 0x0,
    0x0, 0x0, 0x0, 0x0, 0x0, 0x0, 0x0, 0x19,
    0xef, 0xd7, 0x0, 0x0, 0x2e, 0xfc, 0xad, 0xfc,
    0x0, 0xd, 0xf4, 0x0, 0x7, 0xf9, 0x3, 0xf9,
    0x0, 0x0, 0xd, 0xf0, 0x4f, 0x70, 0x0, 0x0,
    0xbf, 0x2, 0xfa, 0x0, 0x0, 0xd, 0xf0, 0xd,
    0xf4, 0x0, 0x8, 0xf9, 0x0, 0x2e, 0xfb, 0xad,
    0xfc, 0x0, 0x0, 0x19, 0xef, 0xd7, 0x0, 0x0,

    /* U+00F6 "ö" */
    0x0, 0x5f, 0x50, 0x8e, 0x20, 0x0, 0x7, 0xf6,
    0xa, 0xf3, 0x0, 0x0, 0x1, 0x0, 0x1, 0x0,
    0x0, 0x0, 0x0, 0x0, 0x0, 0x0, 0x0, 0x19,
    0xef, 0xd7, 0x0, 0x0, 0x2e, 0xfc, 0xad, 0xfc,
    0x0, 0xd, 0xf4, 0x0, 0x7, 0xf9, 0x3, 0xf9,
    0x0, 0x0, 0xd, 0xf0, 0x4f, 0x70, 0x0, 0x0,
    0xbf, 0x2, 0xfa, 0x0, 0x0, 0xd, 0xf0, 0xd,
    0xf4, 0x0, 0x8, 0xf9, 0x0, 0x2e, 0xfb, 0xad,
    0xfc, 0x0, 0x0, 0x19, 0xef, 0xd7, 0x0, 0x0,

    /* U+00F7 "÷" */
    0x0, 0x0, 0x10, 0x0, 0x0, 0x0, 0xcf, 0x10,
    0x0, 0x0, 0xa, 0xe1, 0x0, 0x0, 0x0, 0x0,
    0x0, 0x0, 0xef, 0xff, 0xff, 0xff, 0x27, 0x88,
    0x88, 0x88, 0x81, 0x0, 0x0, 0x10, 0x0, 0x0,
    0x0, 0xcf, 0x10, 0x0, 0x0, 0xa, 0xe1, 0x0,
    0x0,

    /* U+00F8 "ø" */
    0x0, 0x0, 0x0, 0x0, 0x1, 0x0, 0x1, 0x9e,
    0xfd, 0x78, 0xe1, 0x2, 0xef, 0xca, 0xdf, 0xfa,
    0x0, 0xdf, 0x40, 0x9, 0xff, 0x80, 0x3f, 0xa0,
    0xa, 0xf8, 0xde, 0x4, 0xf7, 0xb, 0xf8, 0xb,
    0xf0, 0x2f, 0xab, 0xf7, 0x0, 0xdf, 0x0, 0xcf,
    0xf6, 0x0, 0x8f, 0x90, 0x1d, 0xff, 0xca, 0xdf,
    0xc0, 0x4, 0xf6, 0x9d, 0xfd, 0x70, 0x0, 0x1,
    0x0, 0x0, 0x0, 0x0, 0x0,

    /* U+00F9 "ù" */
    0x0, 0x74, 0x0, 0x0, 0x1, 0xff, 0x20, 0x0,
    0x0, 0x2d, 0xd1, 0x0, 0x0, 0x0, 0x91, 0x0,
    0x0, 0x0, 0x0, 0x0, 0xfb, 0x0, 0x0, 0xfc,
    0xfb, 0x0, 0x0, 0xfc, 0xfb, 0x0, 0x0, 0xfc,
    0xfb, 0x0, 0x0, 0xfc, 0xfb, 0x0, 0x0, 0xfc,
    0xec, 0x0, 0x0, 0xfb, 0xbf, 0x30, 0x6, 0xf8,
    0x3f, 0xfa, 0xbf, 0xe1, 0x3, 0xbf, 0xea, 0x20,

    /* U+00FA "ú" */
    0x0, 0x0, 0x0, 0x0, 0x0, 0x1, 0xc2, 0x0,
    0x0, 0xc, 0xf7, 0x0, 0x0, 0xaf, 0x50, 0x0,
    0x0, 0x52, 0x0, 0x0, 0x0, 0x0, 0x0, 0x0,
    0xfb, 0x0, 0x0, 0xfc, 0xfb, 0x0, 0x0, 0xfc,
    0xfb, 0x0, 0x0, 0xfc, 0xfb, 0x0, 0x0, 0xfc,
    0xfb, 0x0, 0x0, 0xfc, 0xec, 0x0, 0x0, 0xfb,
    0xbf, 0x30, 0x6, 0xf8, 0x3f, 0xfa, 0xbf, 0xe1,
    0x3, 0xbf, 0xea, 0x20,

    /* U+00FB "û" */
    0x0, 0x3f, 0xe1, 0x0, 0x2, 0xee, 0xfd, 0x10,
    0x1d, 0xc1, 0x2d, 0xc0, 0x7, 0x0, 0x1, 0x60,
    0x0, 0x0, 0x0, 0x0, 0xfb, 0x0, 0x0, 0xfc,
    0xfb, 0x0, 0x0, 0xfc, 0xfb, 0x0, 0x0, 0xfc,
    0xfb, 0x0, 0x0, 0xfc, 0xfb, 0x0, 0x0, 0xfc,
    0xec, 0x0, 0x0, 0xfb, 0xbf, 0x30, 0x6, 0xf8,
    0x3f, 0xfa, 0xbf, 0xe1, 0x3, 0xbf, 0xea, 0x20,

    /* U+00FC "ü" */
    0xc, 0xd0, 0x1e, 0xa0, 0xe, 0xe0, 0x2f, 0xb0,
    0x0, 0x0, 0x0, 0x0, 0x0, 0x0, 0x0, 0x0,
    0xfb, 0x0, 0x0, 0xfc, 0xfb, 0x0, 0x0, 0xfc,
    0xfb, 0x0, 0x0, 0xfc, 0xfb, 0x0, 0x0, 0xfc,
    0xfb, 0x0, 0x0, 0xfc, 0xec, 0x0, 0x0, 0xfb,
    0xbf, 0x30, 0x6, 0xf8, 0x3f, 0xfa, 0xbf, 0xe1,
    0x3, 0xbf, 0xea, 0x20,

    /* U+00FD "ý" */
    0x0, 0x0, 0x0, 0x0, 0x0, 0x0, 0x0, 0x1c,
    0x20, 0x0, 0x0, 0x0, 0xdf, 0x60, 0x0, 0x0,
    0xa, 0xe4, 0x0, 0x0, 0x0, 0x6, 0x20, 0x0,
    0x0, 0x0, 0x0, 0x0, 0x0, 0x0, 0x7f, 0x60,
    0x0, 0xa, 0xf3, 0x1f, 0xc0, 0x0, 0x1f, 0xc0,
    0xa, 0xf3, 0x0, 0x7f, 0x50, 0x3, 0xf9, 0x0,
    0xed, 0x0, 0x0, 0xcf, 0x5, 0xf6, 0x0, 0x0,
    0x5f, 0x6c, 0xe0, 0x0, 0x0, 0xe, 0xef, 0x80,
    0x0, 0x0, 0x8, 0xff, 0x10, 0x0, 0x0, 0x4,
    0xf9, 0x0, 0x0, 0x0, 0xa, 0xf2, 0x0, 0x0,
    0x0, 0x2f, 0xa0, 0x0, 0x0, 0x0, 0xaf, 0x30,
    0x0, 0x0, 0x2, 0xfc, 0x0, 0x0, 0x0,

    /* U+00FE "þ" */
    0xcf, 0x0, 0x0, 0x0, 0x0, 0xcf, 0x0, 0x0,
    0x0, 0x0, 0xcf, 0x0, 0x0, 0x0, 0x0, 0xcf,
    0x0, 0x0, 0x0, 0x0, 0xcf, 0x2b, 0xfe, 0xb3,
    0x0, 0xcf, 0xed, 0xab, 0xff, 0x40, 0xcf, 0xa0,
    0x0, 0x3f, 0xe0, 0xcf, 0x10, 0x0, 0x9, 0xf3,
    0xce, 0x0, 0x0, 0x6, 0xf5, 0xcf, 0x10, 0x0,
    0x9, 0xf3, 0xcf, 0xa0, 0x0, 0x3f, 0xe0, 0xcf,
    0xfd, 0xab, 0xff, 0x40, 0xcf, 0x2b, 0xff, 0xb3,
    0x0, 0xcf, 0x0, 0x0, 0x0, 0x0, 0xcf, 0x0,
    0x0, 0x0, 0x0, 0xcf, 0x0, 0x0, 0x0, 0x0,
    0xcf, 0x0, 0x0, 0x0, 0x0,

    /* U+00FF "ÿ" */
    0x0, 0xdc, 0x2, 0xe9, 0x0, 0x0, 0xee, 0x2,
    0xfb, 0x0, 0x0, 0x0, 0x0, 0x10, 0x0, 0x0,
    0x0, 0x0, 0x0, 0x0, 0x7f, 0x60, 0x0, 0xa,
    0xf3, 0x1f, 0xc0, 0x0, 0x1f, 0xc0, 0xa, 0xf3,
    0x0, 0x7f, 0x50, 0x3, 0xf9, 0x0, 0xed, 0x0,
    0x0, 0xcf, 0x5, 0xf6, 0x0, 0x0, 0x5f, 0x6c,
    0xe0, 0x0, 0x0, 0xe, 0xef, 0x80, 0x0, 0x0,
    0x8, 0xff, 0x10, 0x0, 0x0, 0x4, 0xf9, 0x0,
    0x0, 0x0, 0xa, 0xf2, 0x0, 0x0, 0x0, 0x2f,
    0xa0, 0x0, 0x0, 0x0, 0xaf, 0x30, 0x0, 0x0,
    0x2, 0xfc, 0x0, 0x0, 0x0,

    /* U+2013 "–" */
    0x12, 0x22, 0x22, 0x22, 0xc, 0xff, 0xff, 0xff,
    0xf2, 0x35, 0x55, 0x55, 0x55, 0x0,

    /* U+2014 "—" */
    0x11, 0x11, 0x11, 0x11, 0x11, 0x11, 0x11, 0xcf,
    0xff, 0xff, 0xff, 0xff, 0xff, 0xfd, 0x34, 0x44,
    0x44, 0x44, 0x44, 0x44, 0x43,

    /* U+2018 "‘" */
    0x0, 0x64, 0x1, 0xf3, 0x9, 0xd0, 0xf, 0xf6,
    0xa, 0xe3,

    /* U+2019 "’" */
    0x6f, 0x6b, 0xfb, 0x2f, 0x57, 0xc0, 0x74, 0x0,

    /* U+201C "“" */
    0x0, 0x64, 0x1, 0x90, 0x1, 0xf3, 0x8, 0xb0,
    0x9, 0xd0, 0x1f, 0x50, 0xf, 0xf6, 0x7f, 0xe0,
    0xa, 0xe3, 0x3e, 0xa0,

    /* U+201D "”" */
    0x6f, 0x61, 0xdd, 0xb, 0xfb, 0x3f, 0xf3, 0x2f,
    0x50, 0xad, 0x7, 0xc0, 0xe, 0x40, 0x74, 0x2,
    0x90, 0x0,

    /* U+2022 "•" */
    0x2d, 0xe5, 0xaf, 0xfe, 0x8f, 0xfc, 0x7, 0x91,

    /* U+2026 "…" */
    0x5, 0x20, 0x3, 0x50, 0x1, 0x61, 0x6f, 0xe0,
    0xf, 0xf4, 0xa, 0xfa, 0x3e, 0xa0, 0xc, 0xe2,
    0x7, 0xf6,

    /* U+2039 "‹" */
    0x0, 0x7e, 0x20, 0x3f, 0x80, 0xd, 0xc0, 0x1,
    0xeb, 0x0, 0x4, 0xf6, 0x0, 0x9, 0xf2,

    /* U+203A "›" */
    0x1d, 0xa0, 0x0, 0x4f, 0x60, 0x0, 0x9f, 0x20,
    0x7, 0xf3, 0x3, 0xf7, 0x1, 0xec, 0x0,

    /* U+20AC "€" */
    0x0, 0x0, 0x7, 0xcf, 0xfd, 0x81, 0x0, 0x0,
    0x3e, 0xfe, 0xba, 0xdf, 0xe4, 0x0, 0x2e, 0xf5,
    0x0, 0x0, 0x4c, 0x20, 0xa, 0xf5, 0x0, 0x0,
    0x0, 0x0, 0x8f, 0xff, 0xff, 0xff, 0xf5, 0x0,
    0x3, 0x8f, 0xb6, 0x66, 0x66, 0x0, 0x0, 0x4,
    0xf9, 0x11, 0x11, 0x10, 0x0, 0x8, 0xff, 0xff,
    0xff, 0xf8, 0x0, 0x0, 0x24, 0xdf, 0x64, 0x44,
    0x10, 0x0, 0x0, 0x6, 0xfa, 0x0, 0x0, 0x0,
    0x20, 0x0, 0xc, 0xf9, 0x0, 0x0, 0x6f, 0x60,
    0x0, 0x1c, 0xfe, 0xba, 0xdf, 0xe4, 0x0, 0x0,
    0x6, 0xce, 0xfd, 0x81, 0x0,

    /* U+2190 "←" */
    0x0, 0x0, 0x3e, 0xd2, 0x0, 0x0, 0x0, 0x3,
    0xef, 0x30, 0x0, 0x0, 0x0, 0x3e, 0xf3, 0x0,
    0x0, 0x0, 0x3, 0xef, 0x40, 0x0, 0x0, 0x0,
    0x2e, 0xff, 0xff, 0xff, 0xff, 0xfc, 0xa, 0xff,
    0x99, 0x99, 0x99, 0x97, 0x0, 0xaf, 0x90, 0x0,
    0x0, 0x0, 0x0, 0xa, 0xf9, 0x0, 0x0, 0x0,
    0x0, 0x0, 0xaf, 0x90, 0x0, 0x0, 0x0, 0x0,
    0x6, 0x72, 0x0, 0x0,

    /* U+2191 "↑" */
    0x0, 0x0, 0x0, 0x0, 0x0, 0x0, 0x0, 0x5b,
    0x0, 0x0, 0x0, 0x5, 0xff, 0xc0, 0x0, 0x0,
    0x5f, 0xff, 0xfc, 0x0, 0x5, 0xfd, 0xaf, 0x8f,
    0xc0, 0x4f, 0xd1, 0x9f, 0x17, 0xfb, 0x7d, 0x10,
    0x9f, 0x10, 0x7e, 0x41, 0x0, 0x9f, 0x10, 0x6,
    0x0, 0x0, 0x9f, 0x10, 0x0, 0x0, 0x0, 0x9f,
    0x10, 0x0, 0x0, 0x0, 0x9f, 0x10, 0x0, 0x0,
    0x0, 0x9f, 0x10, 0x0, 0x0, 0x0, 0x12, 0x0,
    0x0,

    /* U+2192 "→" */
    0x0, 0x0, 0x9, 0xe9, 0x0, 0x0, 0x0, 0x0,
    0x0, 0xaf, 0x90, 0x0, 0x0, 0x0, 0x0, 0xa,
    0xf9, 0x0, 0x0, 0x0, 0x0, 0x0, 0xaf, 0x90,
    0x4f, 0xff, 0xff, 0xff, 0xff, 0xf9, 0x29, 0x99,
    0x99, 0x99, 0xbf, 0xf3, 0x0, 0x0, 0x0, 0x3,
    0xef, 0x30, 0x0, 0x0, 0x0, 0x3e, 0xf3, 0x0,
    0x0, 0x0, 0x3, 0xef, 0x30, 0x0, 0x0, 0x0,
    0x6, 0x73, 0x0, 0x0,

    /* U+2193 "↓" */
    0x0, 0x0, 0x8f, 0x0, 0x0, 0x0, 0x0, 0x9f,
    0x10, 0x0, 0x0, 0x0, 0x9f, 0x10, 0x0, 0x0,
    0x0, 0x9f, 0x10, 0x0, 0x30, 0x0, 0x9f, 0x10,
    0x4, 0x7c, 0x0, 0x9f, 0x10, 0x5e, 0x5f, 0xc0,
    0x9f, 0x15, 0xfd, 0x7, 0xfc, 0x9f, 0x6f, 0xd1,
    0x0, 0x7f, 0xff, 0xfd, 0x10, 0x0, 0x7, 0xff,
    0xd1, 0x0, 0x0, 0x0, 0x7d, 0x10, 0x0, 0x0,
    0x0, 0x0, 0x0, 0x0,

    /* U+2212 "−" */
    0x0, 0x0, 0x0, 0x0, 0xe, 0xff, 0xff, 0xff,
    0xf2, 0x77, 0x77, 0x77, 0x77, 0x0,

    /* U+221E "∞" */
    0x0, 0x22, 0x0, 0x0, 0x21, 0x0, 0xc, 0xff,
    0xb0, 0x1d, 0xff, 0x90, 0x8a, 0x2, 0xd9, 0xcb,
    0x12, 0xc5, 0xd2, 0x0, 0x3f, 0xd0, 0x0, 0x4a,
    0xe0, 0x0, 0xc, 0xa0, 0x0, 0x3b, 0xc3, 0x0,
    0x4f, 0xf4, 0x0, 0x69, 0x5e, 0x78, 0xf6, 0x8f,
    0x77, 0xf2, 0x5, 0xcc, 0x60, 0x7, 0xdc, 0x40,

    /* U+2264 "≤" */
    0x0, 0x0, 0x0, 0x0, 0x0, 0x0, 0x0, 0x0,
    0x0, 0x0, 0x15, 0xad, 0x0, 0x0, 0x3, 0x8c,
    0xff, 0xfa, 0x1, 0x5a, 0xef, 0xfd, 0x84, 0x0,
    0xcf, 0xff, 0xb6, 0x20, 0x0, 0x0, 0xff, 0xfb,
    0x62, 0x0, 0x0, 0x0, 0x15, 0xae, 0xff, 0xd9,
    0x40, 0x0, 0x0, 0x0, 0x38, 0xcf, 0xff, 0xb6,
    0x0, 0x0, 0x0, 0x1, 0x5a, 0xee, 0x0, 0x0,
    0x0, 0x0, 0x0, 0x3, 0x99, 0x99, 0x99, 0x99,
    0x99, 0x98, 0xff, 0xff, 0xff, 0xff, 0xff, 0xfe,

    /* U+2265 "≥" */
    0x0, 0x0, 0x0, 0x0, 0x0, 0x0, 0xea, 0x51,
    0x0, 0x0, 0x0, 0x0, 0xbf, 0xff, 0xc7, 0x30,
    0x0, 0x0, 0x0, 0x49, 0xdf, 0xfe, 0xa5, 0x10,
    0x0, 0x0, 0x2, 0x7b, 0xff, 0xfb, 0x0, 0x0,
    0x0, 0x27, 0xcf, 0xfe, 0x0, 0x4, 0x9e, 0xff,
    0xe9, 0x50, 0x7b, 0xff, 0xfc, 0x73, 0x0, 0x0,
    0xfe, 0xa5, 0x10, 0x0, 0x0, 0x0, 0x30, 0x0,
    0x0, 0x0, 0x0, 0x0, 0x99, 0x99, 0x99, 0x99,
    0x99, 0x98, 0xff, 0xff, 0xff, 0xff, 0xff, 0xfe,

    /* U+25CB "○" */
    0x0, 0x0, 0x0, 0x23, 0x10, 0x0, 0x0, 0x0,
    0x0, 0x2a, 0xff, 0xef, 0xc5, 0x0, 0x0, 0x0,
    0x5f, 0x92, 0x0, 0x16, 0xea, 0x0, 0x0, 0x5e,
    0x30, 0x0, 0x0, 0x1, 0xbb, 0x0, 0x1f, 0x30,
    0x0, 0x0, 0x0, 0x0, 0xd7, 0x8, 0xa0, 0x0,
    0x0, 0x0, 0x0, 0x4, 0xd0, 0xc5, 0x0, 0x0,
    0x0, 0x0, 0x0, 0xf, 0x2e, 0x20, 0x0, 0x0,
    0x0, 0x0, 0x0, 0xd4, 0xe2, 0x0, 0x0, 0x0,
    0x0, 0x0, 0xd, 0x4c, 0x50, 0x0, 0x0, 0x0,
    0x0, 0x0, 0xf2, 0x8a, 0x0, 0x0, 0x0, 0x0,
    0x0, 0x4d, 0x1, 0xf3, 0x0, 0x0, 0x0, 0x0,
    0xd, 0x70, 0x5, 0xe3, 0x0, 0x0, 0x0, 0x1b,
    0xb0, 0x0, 0x5, 0xf9, 0x20, 0x1, 0x6e, 0xa0,
    0x0, 0x0, 0x2, 0xaf, 0xfe, 0xfc, 0x50, 0x0,
    0x0, 0x0, 0x0, 0x2, 0x31, 0x0, 0x0, 0x0,

    /* U+25CF "●" */
    0x0, 0x0, 0x0, 0x1, 0x0, 0x0, 0x0, 0x0,
    0x0, 0x18, 0xef, 0xff, 0xc5, 0x0, 0x0, 0x0,
    0x4e, 0xff, 0xff, 0xff, 0xfb, 0x10, 0x0, 0x3f,
    0xff, 0xff, 0xff, 0xff, 0xfc, 0x0, 0xe, 0xff,
    0xff, 0xff, 0xff, 0xff, 0xf8, 0x6, 0xff, 0xff,
    0xff, 0xff, 0xff, 0xff, 0xf0, 0xbf, 0xff, 0xff,
    0xff, 0xff, 0xff, 0xff, 0x5e, 0xff, 0xff, 0xff,
    0xff, 0xff, 0xff, 0xf7, 0xef, 0xff, 0xff, 0xff,
    0xff, 0xff, 0xff, 0x7c, 0xff, 0xff, 0xff, 0xff,
    0xff, 0xff, 0xf5, 0x8f, 0xff, 0xff, 0xff, 0xff,
    0xff, 0xff, 0x11, 0xff, 0xff, 0xff, 0xff, 0xff,
    0xff, 0xa0, 0x6, 0xff, 0xff, 0xff, 0xff, 0xff,
    0xe1, 0x0, 0x7, 0xff, 0xff, 0xff, 0xff, 0xd3,
    0x0, 0x0, 0x4, 0xbf, 0xff, 0xff, 0x91, 0x0,
    0x0, 0x0, 0x0, 0x14, 0x53, 0x0, 0x0, 0x0,

    /* U+2713 "✓" */
    0x0, 0x0, 0x0, 0x0, 0x0, 0x0, 0x15, 0x0,
    0x0, 0x0, 0x0, 0x0, 0x0, 0xc, 0xf2, 0x0,
    0x0, 0x0, 0x0, 0x0, 0xb, 0xf5, 0x0, 0x0,
    0x0, 0x0, 0x0, 0xa, 0xf6, 0x0, 0x0, 0x0,
    0x0, 0x0, 0x9, 0xf7, 0x0, 0x2, 0xc2, 0x0,
    0x0, 0x7, 0xf9, 0x0, 0x0, 0x3e, 0xe2, 0x0,
    0x6, 0xfa, 0x0, 0x0, 0x0, 0x3e, 0xe2, 0x4,
    0xfb, 0x0, 0x0, 0x0, 0x0, 0x2e, 0xe6, 0xfb,
    0x0, 0x0, 0x0, 0x0, 0x0, 0x2e, 0xfc, 0x0,
    0x0, 0x0, 0x0, 0x0, 0x0, 0x28, 0x10, 0x0,
    0x0, 0x0, 0x0,

    /* U+F001 "" */
    0x0, 0x0, 0x0, 0x0, 0x0, 0x0, 0x0, 0x3,
    0x7c, 0x80, 0x0, 0x0, 0x0, 0x0, 0x0, 0x5,
    0x9e, 0xff, 0xff, 0x0, 0x0, 0x0, 0x0, 0x26,
    0xbf, 0xff, 0xff, 0xff, 0xf0, 0x0, 0x0, 0x38,
    0xdf, 0xff, 0xff, 0xff, 0xff, 0xff, 0x0, 0x0,
    0x2f, 0xff, 0xff, 0xff, 0xff, 0xff, 0xff, 0xf0,
    0x0, 0x4, 0xff, 0xff, 0xff, 0xff, 0xfe, 0xaa,
    0xff, 0x0, 0x0, 0x4f, 0xff, 0xff, 0xfd, 0x83,
    0x0, 0x6f, 0xf0, 0x0, 0x4, 0xff, 0xfb, 0x61,
    0x0, 0x0, 0x6, 0xff, 0x0, 0x0, 0x4f, 0xf2,
    0x0, 0x0, 0x0, 0x0, 0x6f, 0xf0, 0x0, 0x4,
    0xff, 0x20, 0x0, 0x0, 0x0, 0x6, 0xff, 0x0,
    0x0, 0x4f, 0xf2, 0x0, 0x0, 0x0, 0x0, 0x6f,
    0xf0, 0x0, 0x4, 0xff, 0x20, 0x0, 0x0, 0x0,
    0x6, 0xff, 0x0, 0x0, 0x4f, 0xf2, 0x0, 0x0,
    0x18, 0xde, 0xef, 0xf0, 0x0, 0x4, 0xff, 0x20,
    0x0, 0xd, 0xff, 0xff, 0xff, 0x2, 0x78, 0x9f,
    0xf2, 0x0, 0x1, 0xff, 0xff, 0xff, 0xf6, 0xff,
    0xff, 0xff, 0x20, 0x0, 0xb, 0xff, 0xff, 0xf8,
    0xff, 0xff, 0xff, 0xf1, 0x0, 0x0, 0x5, 0xac,
    0xa4, 0xc, 0xff, 0xff, 0xfe, 0x0, 0x0, 0x0,
    0x0, 0x0, 0x0, 0x1a, 0xff, 0xfb, 0x20, 0x0,
    0x0, 0x0, 0x0, 0x0, 0x0, 0x0, 0x20, 0x0,
    0x0, 0x0, 0x0, 0x0, 0x0, 0x0,

    /* U+F008 "" */
    0x20, 0x0, 0x44, 0x44, 0x44, 0x44, 0x44, 0x42,
    0x0, 0x2e, 0x41, 0x5f, 0xff, 0xff, 0xff, 0xff,
    0xff, 0xb1, 0x4e, 0xff, 0xff, 0xfd, 0x88, 0x88,
    0x88, 0x8a, 0xff, 0xff, 0xff, 0x52, 0x6f, 0x80,
    0x0, 0x0, 0x0, 0x2f, 0xb2, 0x5f, 0xf3, 0x3,
    0xf8, 0x0, 0x0, 0x0, 0x2, 0xfa, 0x3, 0xff,
    0xa8, 0xaf, 0x80, 0x0, 0x0, 0x0, 0x2f, 0xd8,
    0xaf, 0xfc, 0xbc, 0xf9, 0x0, 0x0, 0x0, 0x3,
    0xfe, 0xbc, 0xff, 0x30, 0x3f, 0xff, 0xff, 0xff,
    0xff, 0xff, 0xa0, 0x3f, 0xf3, 0x4, 0xfe, 0xcc,
    0xcc, 0xcc, 0xcd, 0xfa, 0x3, 0xff, 0xff, 0xff,
    0x80, 0x0, 0x0, 0x0, 0x2f, 0xff, 0xff, 0xf7,
    0x47, 0xf8, 0x0, 0x0, 0x0, 0x2, 0xfc, 0x46,
    0xff, 0x30, 0x3f, 0x80, 0x0, 0x0, 0x0, 0x2f,
    0xa0, 0x3f, 0xf8, 0x69, 0xf8, 0x0, 0x0, 0x0,
    0x2, 0xfd, 0x68, 0xff, 0xed, 0xef, 0xfc, 0xcc,
    0xcc, 0xcc, 0xdf, 0xfd, 0xef, 0xc3, 0x3, 0xff,
    0xff, 0xff, 0xff, 0xff, 0xfa, 0x3, 0xc0,

    /* U+F00B "" */
    0x7a, 0xaa, 0xa2, 0x9, 0xaa, 0xaa, 0xaa, 0xaa,
    0xaa, 0x7f, 0xff, 0xff, 0x84, 0xff, 0xff, 0xff,
    0xff, 0xff, 0xff, 0xff, 0xff, 0xf8, 0x4f, 0xff,
    0xff, 0xff, 0xff, 0xff, 0xff, 0xff, 0xff, 0x84,
    0xff, 0xff, 0xff, 0xff, 0xff, 0xff, 0xdf, 0xff,
    0xf6, 0x2f, 0xff, 0xff, 0xff, 0xff, 0xff, 0xe0,
    0x11, 0x11, 0x0, 0x1, 0x11, 0x11, 0x11, 0x11,
    0x10, 0x8b, 0xbb, 0xb3, 0xa, 0xbb, 0xbb, 0xbb,
    0xbb, 0xbb, 0x8f, 0xff, 0xff, 0x84, 0xff, 0xff,
    0xff, 0xff, 0xff, 0xff, 0xff, 0xff, 0xf8, 0x4f,
    0xff, 0xff, 0xff, 0xff, 0xff, 0xff, 0xff, 0xff,
    0x84, 0xff, 0xff, 0xff, 0xff, 0xff, 0xff, 0xdf,
    0xff, 0xf6, 0x2f, 0xff, 0xff, 0xff, 0xff, 0xff,
    0xd0, 0x0, 0x0, 0x0, 0x0, 0x0, 0x0, 0x0,
    0x0, 0x0, 0x8b, 0xbb, 0xb3, 0xa, 0xbb, 0xbb,
    0xbb, 0xbb, 0xbb, 0x8f, 0xff, 0xff, 0x84, 0xff,
    0xff, 0xff, 0xff, 0xff, 0xff, 0xff, 0xff, 0xf8,
    0x4f, 0xff, 0xff, 0xff, 0xff, 0xff, 0xff, 0xff,
    0xff, 0x84, 0xff, 0xff, 0xff, 0xff, 0xff, 0xff,
    0xdf, 0xff, 0xf6, 0x2f, 0xff, 0xff, 0xff, 0xff,
    0xff, 0xd0, 0x0, 0x0, 0x0, 0x0, 0x0, 0x0,
    0x0, 0x0, 0x0,

    /* U+F00C "" */
    0x0, 0x0, 0x0, 0x0, 0x0, 0x0, 0x0, 0x0,
    0x20, 0x0, 0x0, 0x0, 0x0, 0x0, 0x0, 0x0,
    0x0, 0x6f, 0xc0, 0x0, 0x0, 0x0, 0x0, 0x0,
    0x0, 0x0, 0x6f, 0xff, 0xb0, 0x0, 0x0, 0x0,
    0x0, 0x0, 0x0, 0x6f, 0xff, 0xfd, 0x0, 0x0,
    0x0, 0x0, 0x0, 0x0, 0x6f, 0xff, 0xfd, 0x10,
    0x26, 0x0, 0x0, 0x0, 0x0, 0x6f, 0xff, 0xfd,
    0x10, 0x2e, 0xfa, 0x0, 0x0, 0x0, 0x6f, 0xff,
    0xfd, 0x10, 0xe, 0xff, 0xfa, 0x0, 0x0, 0x6f,
    0xff, 0xfd, 0x10, 0x0, 0xaf, 0xff, 0xfa, 0x0,
    0x6f, 0xff, 0xfd, 0x10, 0x0, 0x0, 0xbf, 0xff,
    0xfa, 0x6f, 0xff, 0xfd, 0x10, 0x0, 0x0, 0x0,
    0xbf, 0xff, 0xff, 0xff, 0xfd, 0x10, 0x0, 0x0,
    0x0, 0x0, 0xbf, 0xff, 0xff, 0xfd, 0x10, 0x0,
    0x0, 0x0, 0x0, 0x0, 0xbf, 0xff, 0xfd, 0x10,
    0x0, 0x0, 0x0, 0x0, 0x0, 0x0, 0xbf, 0xfd,
    0x10, 0x0, 0x0, 0x0, 0x0, 0x0, 0x0, 0x0,
    0xad, 0x10, 0x0, 0x0, 0x0, 0x0, 0x0,

    /* U+F00D "" */
    0x1b, 0xb1, 0x0, 0x0, 0x0, 0xab, 0x10, 0xcf,
    0xfc, 0x0, 0x0, 0xb, 0xff, 0xd0, 0xef, 0xff,
    0xc0, 0x0, 0xbf, 0xff, 0xe0, 0x3e, 0xff, 0xfc,
    0x1b, 0xff, 0xff, 0x30, 0x3, 0xef, 0xff, 0xff,
    0xff, 0xf3, 0x0, 0x0, 0x3e, 0xff, 0xff, 0xff,
    0x30, 0x0, 0x0, 0x3, 0xff, 0xff, 0xf4, 0x0,
    0x0, 0x0, 0xb, 0xff, 0xff, 0xfc, 0x0, 0x0,
    0x0, 0xbf, 0xff, 0xff, 0xff, 0xc0, 0x0, 0xc,
    0xff, 0xff, 0x6e, 0xff, 0xfc, 0x10, 0xbf, 0xff,
    0xf3, 0x3, 0xef, 0xff, 0xc0, 0xef, 0xff, 0x30,
    0x0, 0x3e, 0xff, 0xf0, 0x4f, 0xf3, 0x0, 0x0,
    0x3, 0xef, 0x40, 0x1, 0x10, 0x0, 0x0, 0x0,
    0x11, 0x0,

    /* U+F011 "" */
    0x0, 0x0, 0x0, 0x0, 0x7a, 0x60, 0x0, 0x0,
    0x0, 0x0, 0x0, 0x0, 0x0, 0xf, 0xff, 0x0,
    0x0, 0x0, 0x0, 0x0, 0x2, 0xb3, 0x0, 0xff,
    0xf0, 0x4, 0xb1, 0x0, 0x0, 0x3, 0xff, 0xd0,
    0xf, 0xff, 0x0, 0xef, 0xe2, 0x0, 0x1, 0xef,
    0xfe, 0x0, 0xff, 0xf0, 0x1e, 0xff, 0xd0, 0x0,
    0x9f, 0xfe, 0x20, 0xf, 0xff, 0x0, 0x3e, 0xff,
    0x80, 0x1f, 0xff, 0x40, 0x0, 0xff, 0xf0, 0x0,
    0x5f, 0xff, 0x6, 0xff, 0xb0, 0x0, 0xf, 0xff,
    0x0, 0x0, 0xcf, 0xf5, 0x9f, 0xf6, 0x0, 0x0,
    0xff, 0xf0, 0x0, 0x7, 0xff, 0x8b, 0xff, 0x40,
    0x0, 0xf, 0xff, 0x0, 0x0, 0x5f, 0xfa, 0xbf,
    0xf4, 0x0, 0x0, 0xdf, 0xc0, 0x0, 0x5, 0xff,
    0x99, 0xff, 0x70, 0x0, 0x0, 0x10, 0x0, 0x0,
    0x8f, 0xf8, 0x5f, 0xfd, 0x0, 0x0, 0x0, 0x0,
    0x0, 0xd, 0xff, 0x40, 0xff, 0xf6, 0x0, 0x0,
    0x0, 0x0, 0x7, 0xff, 0xe0, 0x7, 0xff, 0xf5,
    0x0, 0x0, 0x0, 0x6, 0xff, 0xf6, 0x0, 0xb,
    0xff, 0xfa, 0x30, 0x0, 0x3b, 0xff, 0xfb, 0x0,
    0x0, 0x1c, 0xff, 0xff, 0xfe, 0xff, 0xff, 0xfc,
    0x0, 0x0, 0x0, 0x9, 0xff, 0xff, 0xff, 0xff,
    0xf9, 0x0, 0x0, 0x0, 0x0, 0x2, 0x9d, 0xff,
    0xfd, 0x82, 0x0, 0x0, 0x0, 0x0, 0x0, 0x0,
    0x0, 0x0, 0x0, 0x0, 0x0, 0x0,

    /* U+F013 "" */
    0x0, 0x0, 0x0, 0x1, 0x34, 0x31, 0x0, 0x0,
    0x0, 0x0, 0x0, 0x0, 0x0, 0xff, 0xff, 0xb0,
    0x0, 0x0, 0x0, 0x0, 0x0, 0x0, 0xf, 0xff,
    0xfb, 0x0, 0x0, 0x0, 0x0, 0x3, 0x30, 0x29,
    0xff, 0xff, 0xf7, 0x0, 0x61, 0x0, 0x1, 0xef,
    0xbf, 0xff, 0xff, 0xff, 0xfd, 0xdf, 0xb0, 0x0,
    0xbf, 0xff, 0xff, 0xff, 0xff, 0xff, 0xff, 0xff,
    0x60, 0x2f, 0xff, 0xff, 0xff, 0xff, 0xff, 0xff,
    0xff, 0xfd, 0x4, 0xff, 0xff, 0xff, 0xa1, 0x3,
    0xdf, 0xff, 0xff, 0xd1, 0x1, 0xdf, 0xff, 0xc0,
    0x0, 0x1, 0xff, 0xff, 0xa0, 0x0, 0xb, 0xff,
    0xf7, 0x0, 0x0, 0xb, 0xff, 0xf7, 0x0, 0x0,
    0xbf, 0xff, 0x80, 0x0, 0x0, 0xcf, 0xff, 0x60,
    0x0, 0x5e, 0xff, 0xfe, 0x0, 0x0, 0x3f, 0xff,
    0xfc, 0x20, 0x5f, 0xff, 0xff, 0xfd, 0x53, 0x7f,
    0xff, 0xff, 0xff, 0x11, 0xff, 0xff, 0xff, 0xff,
    0xff, 0xff, 0xff, 0xff, 0xc0, 0x8, 0xff, 0xff,
    0xff, 0xff, 0xff, 0xff, 0xff, 0xf4, 0x0, 0xd,
    0xe7, 0xdf, 0xff, 0xff, 0xff, 0xa9, 0xf9, 0x0,
    0x0, 0x11, 0x0, 0x6f, 0xff, 0xfe, 0x30, 0x2,
    0x0, 0x0, 0x0, 0x0, 0x0, 0xff, 0xff, 0xb0,
    0x0, 0x0, 0x0, 0x0, 0x0, 0x0, 0xd, 0xff,
    0xf9, 0x0, 0x0, 0x0, 0x0, 0x0, 0x0, 0x0,
    0x0, 0x0, 0x0, 0x0, 0x0, 0x0,

    /* U+F015 "" */
    0x0, 0x0, 0x0, 0x0, 0x2, 0x85, 0x0, 0x7,
    0x98, 0x0, 0x0, 0x0, 0x0, 0x0, 0x0, 0x5f,
    0xff, 0x90, 0xd, 0xff, 0x10, 0x0, 0x0, 0x0,
    0x0, 0x7, 0xff, 0xff, 0xfb, 0x1d, 0xff, 0x10,
    0x0, 0x0, 0x0, 0x0, 0xaf, 0xfd, 0x3a, 0xff,
    0xde, 0xff, 0x10, 0x0, 0x0, 0x0, 0x1c, 0xff,
    0xb1, 0x30, 0x7f, 0xff, 0xff, 0x10, 0x0, 0x0,
    0x3, 0xef, 0xf9, 0x8, 0xfc, 0x14, 0xff, 0xff,
    0x10, 0x0, 0x0, 0x6f, 0xff, 0x60, 0xbf, 0xff,
    0xe3, 0x2d, 0xff, 0xa0, 0x0, 0x8, 0xff, 0xe4,
    0x2d, 0xff, 0xff, 0xff, 0x51, 0xbf, 0xfc, 0x10,
    0xbf, 0xfd, 0x24, 0xef, 0xff, 0xff, 0xff, 0xf8,
    0x9, 0xff, 0xe2, 0x9f, 0xb0, 0x6f, 0xff, 0xff,
    0xff, 0xff, 0xff, 0xb0, 0x6f, 0xe1, 0x6, 0x5,
    0xff, 0xff, 0xff, 0xff, 0xff, 0xff, 0xfb, 0x3,
    0x20, 0x0, 0x7, 0xff, 0xff, 0xff, 0xff, 0xff,
    0xff, 0xfd, 0x0, 0x0, 0x0, 0x7, 0xff, 0xff,
    0xf5, 0x44, 0xcf, 0xff, 0xfd, 0x0, 0x0, 0x0,
    0x7, 0xff, 0xff, 0xe0, 0x0, 0x8f, 0xff, 0xfd,
    0x0, 0x0, 0x0, 0x7, 0xff, 0xff, 0xe0, 0x0,
    0x8f, 0xff, 0xfd, 0x0, 0x0, 0x0, 0x7, 0xff,
    0xff, 0xe0, 0x0, 0x8f, 0xff, 0xfd, 0x0, 0x0,
    0x0, 0x5, 0xff, 0xff, 0xd0, 0x0, 0x7f, 0xff,
    0xfb, 0x0, 0x0, 0x0, 0x0, 0x0, 0x0, 0x0,
    0x0, 0x0, 0x0, 0x0, 0x0, 0x0,

    /* U+F019 "" */
    0x0, 0x0, 0x0, 0x4, 0x88, 0x84, 0x0, 0x0,
    0x0, 0x0, 0x0, 0x0, 0x0, 0xdf, 0xff, 0xd0,
    0x0, 0x0, 0x0, 0x0, 0x0, 0x0, 0xe, 0xff,
    0xfe, 0x0, 0x0, 0x0, 0x0, 0x0, 0x0, 0x0,
    0xef, 0xff, 0xe0, 0x0, 0x0, 0x0, 0x0, 0x0,
    0x0, 0xe, 0xff, 0xfe, 0x0, 0x0, 0x0, 0x0,
    0x0, 0x0, 0x0, 0xef, 0xff, 0xe0, 0x0, 0x0,
    0x0, 0x0, 0x0, 0x0, 0xe, 0xff, 0xfe, 0x0,
    0x0, 0x0, 0x0, 0x0, 0x36, 0x66, 0xef, 0xff,
    0xe6, 0x66, 0x30, 0x0, 0x0, 0xc, 0xff, 0xff,
    0xff, 0xff, 0xff, 0xfc, 0x0, 0x0, 0x0, 0x1d,
    0xff, 0xff, 0xff, 0xff, 0xfd, 0x10, 0x0, 0x0,
    0x0, 0x1d, 0xff, 0xff, 0xff, 0xfd, 0x10, 0x0,
    0x0, 0x0, 0x0, 0x1d, 0xff, 0xff, 0xfd, 0x10,
    0x0, 0x0, 0x0, 0x0, 0x0, 0x1d, 0xff, 0xfd,
    0x10, 0x0, 0x0, 0x4, 0x77, 0x77, 0x74, 0x1c,
    0xfc, 0x14, 0x77, 0x77, 0x74, 0xff, 0xff, 0xff,
    0xf7, 0x17, 0x17, 0xff, 0xff, 0xff, 0xff, 0xff,
    0xff, 0xff, 0xfb, 0x7b, 0xff, 0xff, 0xff, 0xff,
    0xff, 0xff, 0xff, 0xff, 0xff, 0xff, 0xff, 0xff,
    0xff, 0xff, 0xff, 0xff, 0xff, 0xff, 0xff, 0xff,
    0x1c, 0x66, 0xff, 0xef, 0xff, 0xff, 0xff, 0xff,
    0xff, 0xff, 0xff, 0xff, 0xe0, 0x22, 0x22, 0x22,
    0x22, 0x22, 0x22, 0x22, 0x22, 0x20,

    /* U+F01C "" */
    0x0, 0x0, 0x3, 0x44, 0x44, 0x44, 0x44, 0x43,
    0x0, 0x0, 0x0, 0x0, 0x0, 0xaf, 0xff, 0xff,
    0xff, 0xff, 0xff, 0xe2, 0x0, 0x0, 0x0, 0x6,
    0xff, 0xff, 0xff, 0xff, 0xff, 0xff, 0xfc, 0x0,
    0x0, 0x0, 0x2f, 0xfc, 0x22, 0x22, 0x22, 0x22,
    0x26, 0xff, 0x70, 0x0, 0x0, 0xbf, 0xf2, 0x0,
    0x0, 0x0, 0x0, 0x0, 0xbf, 0xf2, 0x0, 0x6,
    0xff, 0x60, 0x0, 0x0, 0x0, 0x0, 0x0, 0x1f,
    0xfc, 0x0, 0x2f, 0xfc, 0x0, 0x0, 0x0, 0x0,
    0x0, 0x0, 0x6, 0xff, 0x70, 0xbf, 0xf4, 0x22,
    0x20, 0x0, 0x0, 0x0, 0x22, 0x22, 0xcf, 0xf2,
    0xff, 0xff, 0xff, 0xfb, 0x0, 0x0, 0x5, 0xff,
    0xff, 0xff, 0xf5, 0xff, 0xff, 0xff, 0xff, 0x30,
    0x0, 0xd, 0xff, 0xff, 0xff, 0xf6, 0xff, 0xff,
    0xff, 0xff, 0xec, 0xcc, 0xcf, 0xff, 0xff, 0xff,
    0xf6, 0xff, 0xff, 0xff, 0xff, 0xff, 0xff, 0xff,
    0xff, 0xff, 0xff, 0xf6, 0xff, 0xff, 0xff, 0xff,
    0xff, 0xff, 0xff, 0xff, 0xff, 0xff, 0xf6, 0xff,
    0xff, 0xff, 0xff, 0xff, 0xff, 0xff, 0xff, 0xff,
    0xff, 0xf5, 0x6f, 0xff, 0xff, 0xff, 0xff, 0xff,
    0xff, 0xff, 0xff, 0xff, 0xb0,

    /* U+F021 "" */
    0x0, 0x0, 0x0, 0x0, 0x1, 0x0, 0x0, 0x0,
    0x6b, 0xa0, 0x0, 0x0, 0x3a, 0xef, 0xff, 0xd8,
    0x20, 0x9, 0xff, 0x0, 0x1, 0xbf, 0xff, 0xff,
    0xff, 0xff, 0x90, 0x8f, 0xf0, 0x2, 0xef, 0xff,
    0xda, 0x8a, 0xef, 0xff, 0xd9, 0xff, 0x0, 0xdf,
    0xfd, 0x40, 0x0, 0x0, 0x4d, 0xff, 0xff, 0xf0,
    0x9f, 0xfc, 0x10, 0x0, 0x0, 0x0, 0xb, 0xff,
    0xff, 0x1f, 0xfe, 0x10, 0x0, 0x0, 0x4f, 0xff,
    0xef, 0xff, 0xf6, 0xff, 0x60, 0x0, 0x0, 0x5,
    0xff, 0xff, 0xff, 0xff, 0x49, 0x91, 0x0, 0x0,
    0x0, 0x29, 0x99, 0x99, 0x99, 0x80, 0x0, 0x0,
    0x0, 0x0, 0x0, 0x0, 0x0, 0x0, 0x0, 0x0,
    0x0, 0x0, 0x0, 0x0, 0x0, 0x0, 0x0, 0x0,
    0xe, 0xff, 0xff, 0xff, 0xf3, 0x0, 0x0, 0x0,
    0x2f, 0xf6, 0xff, 0xff, 0xff, 0xff, 0x50, 0x0,
    0x0, 0x9, 0xff, 0x4f, 0xff, 0xfa, 0x99, 0xa2,
    0x0, 0x0, 0x3, 0xff, 0xe0, 0xff, 0xff, 0xd2,
    0x0, 0x0, 0x0, 0x2, 0xef, 0xf6, 0xf, 0xff,
    0xff, 0xf7, 0x10, 0x0, 0x7, 0xff, 0xfb, 0x0,
    0xff, 0x9b, 0xff, 0xff, 0xca, 0xbf, 0xff, 0xfc,
    0x0, 0xf, 0xf9, 0x7, 0xff, 0xff, 0xff, 0xff,
    0xf8, 0x0, 0x0, 0xff, 0x90, 0x1, 0x6c, 0xff,
    0xfd, 0x82, 0x0, 0x0, 0x4, 0x52, 0x0, 0x0,
    0x0, 0x0, 0x0, 0x0, 0x0, 0x0,

    /* U+F026 "" */
    0x0, 0x0, 0x0, 0x0, 0x61, 0x0, 0x0, 0x0,
    0xb, 0xf7, 0x0, 0x0, 0x0, 0xbf, 0xf8, 0x0,
    0x0, 0xb, 0xff, 0xf8, 0xbe, 0xee, 0xef, 0xff,
    0xf8, 0xff, 0xff, 0xff, 0xff, 0xf8, 0xff, 0xff,
    0xff, 0xff, 0xf8, 0xff, 0xff, 0xff, 0xff, 0xf8,
    0xff, 0xff, 0xff, 0xff, 0xf8, 0xff, 0xff, 0xff,
    0xff, 0xf8, 0xef, 0xff, 0xff, 0xff, 0xf8, 0x13,
    0x33, 0x4e, 0xff, 0xf8, 0x0, 0x0, 0x2, 0xef,
    0xf8, 0x0, 0x0, 0x0, 0x2e, 0xf7, 0x0, 0x0,
    0x0, 0x2, 0xb3,

    /* U+F027 "" */
    0x0, 0x0, 0x0, 0x0, 0x51, 0x0, 0x0, 0x0,
    0x0, 0x0, 0x0, 0xaf, 0x70, 0x0, 0x0, 0x0,
    0x0, 0x0, 0xaf, 0xf8, 0x0, 0x0, 0x0, 0x0,
    0x0, 0xaf, 0xff, 0x80, 0x0, 0x0, 0xae, 0xee,
    0xef, 0xff, 0xf8, 0x0, 0x0, 0xf, 0xff, 0xff,
    0xff, 0xff, 0x80, 0x9e, 0x20, 0xff, 0xff, 0xff,
    0xff, 0xf8, 0x6, 0xfd, 0xf, 0xff, 0xff, 0xff,
    0xff, 0x80, 0xa, 0xf2, 0xff, 0xff, 0xff, 0xff,
    0xf8, 0x0, 0xbf, 0x2f, 0xff, 0xff, 0xff, 0xff,
    0x80, 0x8f, 0xc0, 0xef, 0xff, 0xff, 0xff, 0xf8,
    0x7, 0xb1, 0x1, 0x44, 0x44, 0xef, 0xff, 0x80,
    0x0, 0x0, 0x0, 0x0, 0x2, 0xef, 0xf8, 0x0,
    0x0, 0x0, 0x0, 0x0, 0x2, 0xef, 0x70, 0x0,
    0x0, 0x0, 0x0, 0x0, 0x2, 0xb3, 0x0, 0x0,
    0x0,

    /* U+F028 "" */
    0x0, 0x0, 0x0, 0x0, 0x0, 0x0, 0x0, 0x0,
    0x0, 0x0, 0x0, 0x0, 0x0, 0x0, 0x0, 0x0,
    0x0, 0x0, 0xb, 0xd1, 0x0, 0x0, 0x0, 0x0,
    0x0, 0x0, 0x61, 0x0, 0x0, 0x8, 0xfe, 0x30,
    0x0, 0x0, 0x0, 0x0, 0xb, 0xf7, 0x0, 0x0,
    0x0, 0x7f, 0xe1, 0x0, 0x0, 0x0, 0x0, 0xbf,
    0xf8, 0x0, 0x8, 0xe3, 0x8, 0xfa, 0x0, 0x0,
    0x0, 0xb, 0xff, 0xf8, 0x0, 0x5, 0xff, 0x30,
    0xcf, 0x30, 0xbe, 0xee, 0xef, 0xff, 0xf8, 0x0,
    0x0, 0x5f, 0xd0, 0x4f, 0xa0, 0xff, 0xff, 0xff,
    0xff, 0xf8, 0x9, 0xe3, 0xa, 0xf5, 0xe, 0xf0,
    0xff, 0xff, 0xff, 0xff, 0xf8, 0x5, 0xfd, 0x2,
    0xfa, 0xa, 0xf2, 0xff, 0xff, 0xff, 0xff, 0xf8,
    0x0, 0xaf, 0x20, 0xfc, 0x9, 0xf3, 0xff, 0xff,
    0xff, 0xff, 0xf8, 0x0, 0xcf, 0x20, 0xfb, 0x9,
    0xf3, 0xff, 0xff, 0xff, 0xff, 0xf8, 0x8, 0xfb,
    0x4, 0xf9, 0xb, 0xf1, 0xef, 0xff, 0xff, 0xff,
    0xf8, 0x7, 0xb1, 0xc, 0xf3, 0xf, 0xe0, 0x13,
    0x33, 0x4e, 0xff, 0xf8, 0x0, 0x0, 0x9f, 0xb0,
    0x6f, 0x90, 0x0, 0x0, 0x2, 0xef, 0xf8, 0x0,
    0x8, 0xfe, 0x10, 0xef, 0x20, 0x0, 0x0, 0x0,
    0x2e, 0xf7, 0x0, 0x6, 0xa1, 0xa, 0xf8, 0x0,
    0x0, 0x0, 0x0, 0x2, 0xb3, 0x0, 0x0, 0x0,
    0xaf, 0xc0, 0x0, 0x0, 0x0, 0x0, 0x0, 0x0,
    0x0, 0x0, 0xb, 0xfc, 0x10, 0x0, 0x0, 0x0,
    0x0, 0x0, 0x0, 0x0, 0x0, 0x8, 0x90, 0x0,
    0x0,

    /* U+F03E "" */
    0x1, 0x22, 0x22, 0x22, 0x22, 0x22, 0x22, 0x22,
    0x21, 0x7, 0xff, 0xff, 0xff, 0xff, 0xff, 0xff,
    0xff, 0xff, 0xf8, 0xff, 0xff, 0xff, 0xff, 0xff,
    0xff, 0xff, 0xff, 0xff, 0xff, 0xfc, 0x10, 0x8f,
    0xff, 0xff, 0xff, 0xff, 0xff, 0xff, 0xff, 0x20,
    0x0, 0xdf, 0xff, 0xff, 0xff, 0xff, 0xff, 0xff,
    0xf3, 0x0, 0xe, 0xff, 0xff, 0xf7, 0x6f, 0xff,
    0xff, 0xff, 0xc2, 0x19, 0xff, 0xff, 0xf7, 0x0,
    0x5f, 0xff, 0xff, 0xff, 0xff, 0xff, 0xff, 0xf7,
    0x0, 0x0, 0x5f, 0xff, 0xff, 0xff, 0xb3, 0xef,
    0xf7, 0x0, 0x0, 0x0, 0x7f, 0xff, 0xff, 0xb0,
    0x2, 0xe7, 0x0, 0x0, 0x0, 0x6, 0xff, 0xff,
    0xb0, 0x0, 0x1, 0x0, 0x0, 0x0, 0x0, 0x6f,
    0xff, 0xf6, 0x0, 0x0, 0x0, 0x0, 0x0, 0x0,
    0x6, 0xff, 0xff, 0x96, 0x66, 0x66, 0x66, 0x66,
    0x66, 0x66, 0x9f, 0xff, 0xff, 0xff, 0xff, 0xff,
    0xff, 0xff, 0xff, 0xff, 0xff, 0x6f, 0xff, 0xff,
    0xff, 0xff, 0xff, 0xff, 0xff, 0xff, 0x60,

    /* U+F043 "" */
    0x0, 0x0, 0x1, 0x82, 0x0, 0x0, 0x0, 0x0,
    0x0, 0xa, 0xfb, 0x0, 0x0, 0x0, 0x0, 0x0,
    0xf, 0xff, 0x10, 0x0, 0x0, 0x0, 0x0, 0x6f,
    0xff, 0x70, 0x0, 0x0, 0x0, 0x0, 0xef, 0xff,
    0xe0, 0x0, 0x0, 0x0, 0x7, 0xff, 0xff, 0xf8,
    0x0, 0x0, 0x0, 0x2f, 0xff, 0xff, 0xff, 0x30,
    0x0, 0x0, 0xcf, 0xff, 0xff, 0xff, 0xd0, 0x0,
    0x8, 0xff, 0xff, 0xff, 0xff, 0xf9, 0x0, 0x2f,
    0xff, 0xff, 0xff, 0xff, 0xff, 0x20, 0x8f, 0xff,
    0xff, 0xff, 0xff, 0xff, 0x90, 0xdf, 0xff, 0xff,
    0xff, 0xff, 0xff, 0xe0, 0xff, 0xab, 0xff, 0xff,
    0xff, 0xff, 0xf0, 0xff, 0x75, 0xff, 0xff, 0xff,
    0xff, 0xf0, 0xcf, 0xb0, 0xdf, 0xff, 0xff, 0xff,
    0xd0, 0x6f, 0xf5, 0x19, 0xdf, 0xff, 0xff, 0x70,
    0xd, 0xff, 0x82, 0xf, 0xff, 0xfd, 0x0, 0x2,
    0xdf, 0xff, 0xff, 0xff, 0xe2, 0x0, 0x0, 0x19,
    0xff, 0xff, 0xfa, 0x10, 0x0, 0x0, 0x0, 0x4,
    0x54, 0x10, 0x0, 0x0,

    /* U+F048 "" */
    0x49, 0x80, 0x0, 0x0, 0x0, 0x56, 0xa, 0xff,
    0x0, 0x0, 0x0, 0x8f, 0xf3, 0xaf, 0xf0, 0x0,
    0x0, 0x9f, 0xff, 0x4a, 0xff, 0x0, 0x0, 0xbf,
    0xff, 0xf4, 0xaf, 0xf0, 0x0, 0xcf, 0xff, 0xff,
    0x4a, 0xff, 0x1, 0xcf, 0xff, 0xff, 0xf4, 0xaf,
    0xf2, 0xdf, 0xff, 0xff, 0xff, 0x4a, 0xff, 0xef,
    0xff, 0xff, 0xff, 0xf4, 0xaf, 0xff, 0xff, 0xff,
    0xff, 0xff, 0x4a, 0xff, 0xff, 0xff, 0xff, 0xff,
    0xf4, 0xaf, 0xf9, 0xff, 0xff, 0xff, 0xff, 0x4a,
    0xff, 0x7, 0xff, 0xff, 0xff, 0xf4, 0xaf, 0xf0,
    0x5, 0xff, 0xff, 0xff, 0x4a, 0xff, 0x0, 0x4,
    0xff, 0xff, 0xf4, 0xaf, 0xf0, 0x0, 0x3, 0xef,
    0xff, 0x4a, 0xff, 0x0, 0x0, 0x2, 0xef, 0xf3,
    0x9f, 0xf0, 0x0, 0x0, 0x2, 0xde, 0x10, 0x0,
    0x0, 0x0, 0x0, 0x0, 0x0,

    /* U+F04B "" */
    0x28, 0x60, 0x0, 0x0, 0x0, 0x0, 0x0, 0x0,
    0xd, 0xff, 0xd4, 0x0, 0x0, 0x0, 0x0, 0x0,
    0x0, 0xff, 0xff, 0xfa, 0x20, 0x0, 0x0, 0x0,
    0x0, 0xf, 0xff, 0xff, 0xff, 0x80, 0x0, 0x0,
    0x0, 0x0, 0xff, 0xff, 0xff, 0xff, 0xe5, 0x0,
    0x0, 0x0, 0xf, 0xff, 0xff, 0xff, 0xff, 0xfb,
    0x20, 0x0, 0x0, 0xff, 0xff, 0xff, 0xff, 0xff,
    0xff, 0x80, 0x0, 0xf, 0xff, 0xff, 0xff, 0xff,
    0xff, 0xff, 0xe5, 0x0, 0xff, 0xff, 0xff, 0xff,
    0xff, 0xff, 0xff, 0xfc, 0x1f, 0xff, 0xff, 0xff,
    0xff, 0xff, 0xff, 0xff, 0xf8, 0xff, 0xff, 0xff,
    0xff, 0xff, 0xff, 0xff, 0xff, 0x7f, 0xff, 0xff,
    0xff, 0xff, 0xff, 0xff, 0xff, 0x80, 0xff, 0xff,
    0xff, 0xff, 0xff, 0xff, 0xfb, 0x20, 0xf, 0xff,
    0xff, 0xff, 0xff, 0xff, 0xd4, 0x0, 0x0, 0xff,
    0xff, 0xff, 0xff, 0xff, 0x70, 0x0, 0x0, 0xf,
    0xff, 0xff, 0xff, 0xfa, 0x10, 0x0, 0x0, 0x0,
    0xff, 0xff, 0xff, 0xd4, 0x0, 0x0, 0x0, 0x0,
    0xf, 0xff, 0xff, 0x70, 0x0, 0x0, 0x0, 0x0,
    0x0, 0xaf, 0xf9, 0x10, 0x0, 0x0, 0x0, 0x0,
    0x0, 0x0, 0x52, 0x0, 0x0, 0x0, 0x0, 0x0,
    0x0, 0x0,

    /* U+F04C "" */
    0x18, 0x99, 0x98, 0x20, 0x0, 0x38, 0x99, 0x97,
    0xc, 0xff, 0xff, 0xfe, 0x0, 0x1f, 0xff, 0xff,
    0xfa, 0xff, 0xff, 0xff, 0xf1, 0x4, 0xff, 0xff,
    0xff, 0xdf, 0xff, 0xff, 0xff, 0x20, 0x4f, 0xff,
    0xff, 0xfd, 0xff, 0xff, 0xff, 0xf2, 0x4, 0xff,
    0xff, 0xff, 0xdf, 0xff, 0xff, 0xff, 0x20, 0x4f,
    0xff, 0xff, 0xfd, 0xff, 0xff, 0xff, 0xf2, 0x4,
    0xff, 0xff, 0xff, 0xdf, 0xff, 0xff, 0xff, 0x20,
    0x4f, 0xff, 0xff, 0xfd, 0xff, 0xff, 0xff, 0xf2,
    0x4, 0xff, 0xff, 0xff, 0xdf, 0xff, 0xff, 0xff,
    0x20, 0x4f, 0xff, 0xff, 0xfd, 0xff, 0xff, 0xff,
    0xf2, 0x4, 0xff, 0xff, 0xff, 0xdf, 0xff, 0xff,
    0xff, 0x20, 0x4f, 0xff, 0xff, 0xfd, 0xff, 0xff,
    0xff, 0xf2, 0x4, 0xff, 0xff, 0xff, 0xdf, 0xff,
    0xff, 0xff, 0x20, 0x4f, 0xff, 0xff, 0xfd, 0xff,
    0xff, 0xff, 0xf2, 0x4, 0xff, 0xff, 0xff, 0xdf,
    0xff, 0xff, 0xff, 0x10, 0x3f, 0xff, 0xff, 0xfc,
    0x6f, 0xff, 0xff, 0x80, 0x0, 0xaf, 0xff, 0xff,
    0x40, 0x0, 0x0, 0x0, 0x0, 0x0, 0x0, 0x0,
    0x0,

    /* U+F04D "" */
    0x18, 0x99, 0x99, 0x99, 0x99, 0x99, 0x99, 0x96,
    0xc, 0xff, 0xff, 0xff, 0xff, 0xff, 0xff, 0xff,
    0xf6, 0xff, 0xff, 0xff, 0xff, 0xff, 0xff, 0xff,
    0xff, 0x9f, 0xff, 0xff, 0xff, 0xff, 0xff, 0xff,
    0xff, 0xfa, 0xff, 0xff, 0xff, 0xff, 0xff, 0xff,
    0xff, 0xff, 0xaf, 0xff, 0xff, 0xff, 0xff, 0xff,
    0xff, 0xff, 0xfa, 0xff, 0xff, 0xff, 0xff, 0xff,
    0xff, 0xff, 0xff, 0xaf, 0xff, 0xff, 0xff, 0xff,
    0xff, 0xff, 0xff, 0xfa, 0xff, 0xff, 0xff, 0xff,
    0xff, 0xff, 0xff, 0xff, 0xaf, 0xff, 0xff, 0xff,
    0xff, 0xff, 0xff, 0xff, 0xfa, 0xff, 0xff, 0xff,
    0xff, 0xff, 0xff, 0xff, 0xff, 0xaf, 0xff, 0xff,
    0xff, 0xff, 0xff, 0xff, 0xff, 0xfa, 0xff, 0xff,
    0xff, 0xff, 0xff, 0xff, 0xff, 0xff, 0xaf, 0xff,
    0xff, 0xff, 0xff, 0xff, 0xff, 0xff, 0xfa, 0xff,
    0xff, 0xff, 0xff, 0xff, 0xff, 0xff, 0xff, 0xaf,
    0xff, 0xff, 0xff, 0xff, 0xff, 0xff, 0xff, 0xf9,
    0x6f, 0xff, 0xff, 0xff, 0xff, 0xff, 0xff, 0xfd,
    0x20, 0x0, 0x0, 0x0, 0x0, 0x0, 0x0, 0x0,
    0x0,

    /* U+F051 "" */
    0x28, 0x10, 0x0, 0x0, 0x4, 0x98, 0xb, 0xfe,
    0x20, 0x0, 0x0, 0x9f, 0xf1, 0xcf, 0xfe, 0x30,
    0x0, 0x9, 0xff, 0x1c, 0xff, 0xff, 0x40, 0x0,
    0x9f, 0xf1, 0xcf, 0xff, 0xff, 0x50, 0x9, 0xff,
    0x1c, 0xff, 0xff, 0xff, 0x60, 0x9f, 0xf1, 0xcf,
    0xff, 0xff, 0xff, 0x79, 0xff, 0x1c, 0xff, 0xff,
    0xff, 0xff, 0xef, 0xf1, 0xcf, 0xff, 0xff, 0xff,
    0xff, 0xff, 0x1c, 0xff, 0xff, 0xff, 0xff, 0xff,
    0xf1, 0xcf, 0xff, 0xff, 0xff, 0xdb, 0xff, 0x1c,
    0xff, 0xff, 0xff, 0xc1, 0x9f, 0xf1, 0xcf, 0xff,
    0xff, 0xb0, 0x9, 0xff, 0x1c, 0xff, 0xff, 0xa0,
    0x0, 0x9f, 0xf1, 0xcf, 0xff, 0x90, 0x0, 0x9,
    0xff, 0x1c, 0xff, 0x80, 0x0, 0x0, 0x9f, 0xf1,
    0x8f, 0x70, 0x0, 0x0, 0x8, 0xff, 0x0, 0x0,
    0x0, 0x0, 0x0, 0x0, 0x0,

    /* U+F052 "" */
    0x0, 0x0, 0x0, 0x0, 0x59, 0x20, 0x0, 0x0,
    0x0, 0x0, 0x0, 0x0, 0x7, 0xff, 0xe2, 0x0,
    0x0, 0x0, 0x0, 0x0, 0x0, 0x6f, 0xff, 0xfe,
    0x20, 0x0, 0x0, 0x0, 0x0, 0x5, 0xff, 0xff,
    0xff, 0xd1, 0x0, 0x0, 0x0, 0x0, 0x4f, 0xff,
    0xff, 0xff, 0xfc, 0x0, 0x0, 0x0, 0x3, 0xff,
    0xff, 0xff, 0xff, 0xff, 0xb0, 0x0, 0x0, 0x2e,
    0xff, 0xff, 0xff, 0xff, 0xff, 0xfa, 0x0, 0x1,
    0xef, 0xff, 0xff, 0xff, 0xff, 0xff, 0xff, 0x90,
    0xc, 0xff, 0xff, 0xff, 0xff, 0xff, 0xff, 0xff,
    0xf6, 0xf, 0xff, 0xff, 0xff, 0xff, 0xff, 0xff,
    0xff, 0xf9, 0x7, 0xff, 0xff, 0xff, 0xff, 0xff,
    0xff, 0xff, 0xe2, 0x0, 0x0, 0x0, 0x0, 0x0,
    0x0, 0x0, 0x0, 0x0, 0x6, 0xbb, 0xbb, 0xbb,
    0xbb, 0xbb, 0xbb, 0xbb, 0xa2, 0xf, 0xff, 0xff,
    0xff, 0xff, 0xff, 0xff, 0xff, 0xf9, 0xf, 0xff,
    0xff, 0xff, 0xff, 0xff, 0xff, 0xff, 0xfa, 0xf,
    0xff, 0xff, 0xff, 0xff, 0xff, 0xff, 0xff, 0xf9,
    0xb, 0xff, 0xff, 0xff, 0xff, 0xff, 0xff, 0xff,
    0xf5, 0x0, 0x0, 0x0, 0x0, 0x0, 0x0, 0x0,
    0x0, 0x0,

    /* U+F053 "" */
    0x0, 0x0, 0x0, 0x0, 0x10, 0x0, 0x0, 0x0,
    0x1d, 0xf4, 0x0, 0x0, 0x1, 0xdf, 0xfc, 0x0,
    0x0, 0x1d, 0xff, 0xf4, 0x0, 0x1, 0xdf, 0xff,
    0x40, 0x0, 0x1d, 0xff, 0xf4, 0x0, 0x1, 0xdf,
    0xff, 0x40, 0x0, 0x1d, 0xff, 0xf4, 0x0, 0x0,
    0xdf, 0xff, 0x40, 0x0, 0x0, 0xaf, 0xff, 0x70,
    0x0, 0x0, 0xa, 0xff, 0xf7, 0x0, 0x0, 0x0,
    0xaf, 0xff, 0x70, 0x0, 0x0, 0xa, 0xff, 0xf7,
    0x0, 0x0, 0x0, 0xaf, 0xff, 0x70, 0x0, 0x0,
    0xa, 0xff, 0xf7, 0x0, 0x0, 0x0, 0xaf, 0xfb,
    0x0, 0x0, 0x0, 0xa, 0xd1,

    /* U+F054 "" */
    0x2, 0x0, 0x0, 0x0, 0x0, 0x5f, 0xc0, 0x0,
    0x0, 0x0, 0xef, 0xfc, 0x0, 0x0, 0x0, 0x5f,
    0xff, 0xc0, 0x0, 0x0, 0x5, 0xff, 0xfc, 0x0,
    0x0, 0x0, 0x5f, 0xff, 0xc0, 0x0, 0x0, 0x5,
    0xff, 0xfc, 0x0, 0x0, 0x0, 0x5f, 0xff, 0xc0,
    0x0, 0x0, 0x6, 0xff, 0xfb, 0x0, 0x0, 0x9,
    0xff, 0xf8, 0x0, 0x0, 0x9f, 0xff, 0x90, 0x0,
    0x9, 0xff, 0xf9, 0x0, 0x0, 0x9f, 0xff, 0x90,
    0x0, 0x9, 0xff, 0xf9, 0x0, 0x0, 0x9f, 0xff,
    0x90, 0x0, 0x0, 0xdf, 0xf9, 0x0, 0x0, 0x0,
    0x2d, 0x80, 0x0, 0x0, 0x0,

    /* U+F067 "" */
    0x0, 0x0, 0x0, 0x6, 0x74, 0x0, 0x0, 0x0,
    0x0, 0x0, 0x0, 0x6, 0xff, 0xf0, 0x0, 0x0,
    0x0, 0x0, 0x0, 0x0, 0x7f, 0xff, 0x10, 0x0,
    0x0, 0x0, 0x0, 0x0, 0x7, 0xff, 0xf1, 0x0,
    0x0, 0x0, 0x0, 0x0, 0x0, 0x7f, 0xff, 0x10,
    0x0, 0x0, 0x0, 0x0, 0x0, 0x7, 0xff, 0xf1,
    0x0, 0x0, 0x0, 0x0, 0x0, 0x0, 0x7f, 0xff,
    0x10, 0x0, 0x0, 0xa, 0xff, 0xff, 0xff, 0xff,
    0xff, 0xff, 0xff, 0xe4, 0xff, 0xff, 0xff, 0xff,
    0xff, 0xff, 0xff, 0xff, 0x9f, 0xff, 0xff, 0xff,
    0xff, 0xff, 0xff, 0xff, 0xf9, 0x59, 0x99, 0x99,
    0xcf, 0xff, 0xa9, 0x99, 0x99, 0x10, 0x0, 0x0,
    0x7, 0xff, 0xf1, 0x0, 0x0, 0x0, 0x0, 0x0,
    0x0, 0x7f, 0xff, 0x10, 0x0, 0x0, 0x0, 0x0,
    0x0, 0x7, 0xff, 0xf1, 0x0, 0x0, 0x0, 0x0,
    0x0, 0x0, 0x7f, 0xff, 0x10, 0x0, 0x0, 0x0,
    0x0, 0x0, 0x7, 0xff, 0xf1, 0x0, 0x0, 0x0,
    0x0, 0x0, 0x0, 0x4f, 0xfd, 0x0, 0x0, 0x0,
    0x0, 0x0, 0x0, 0x0, 0x12, 0x0, 0x0, 0x0,
    0x0,

    /* U+F068 "" */
    0xaf, 0xff, 0xff, 0xff, 0xff, 0xff, 0xff, 0xfe,
    0x4f, 0xff, 0xff, 0xff, 0xff, 0xff, 0xff, 0xff,
    0xf9, 0xff, 0xff, 0xff, 0xff, 0xff, 0xff, 0xff,
    0xff, 0x95, 0x99, 0x99, 0x99, 0x99, 0x99, 0x99,
    0x99, 0x91,

    /* U+F06E "" */
    0x0, 0x0, 0x0, 0x0, 0x0, 0x11, 0x0, 0x0,
    0x0, 0x0, 0x0, 0x0, 0x0, 0x0, 0x5b, 0xef,
    0xff, 0xfc, 0x71, 0x0, 0x0, 0x0, 0x0, 0x0,
    0x5e, 0xff, 0xfc, 0xab, 0xef, 0xff, 0x80, 0x0,
    0x0, 0x0, 0xa, 0xff, 0xfb, 0x20, 0x0, 0x7,
    0xff, 0xfd, 0x20, 0x0, 0x0, 0xbf, 0xff, 0xa0,
    0x1, 0xcb, 0x50, 0x4f, 0xff, 0xe3, 0x0, 0xa,
    0xff, 0xfe, 0x0, 0x0, 0xff, 0xf7, 0x9, 0xff,
    0xfe, 0x10, 0x5f, 0xff, 0xf8, 0x0, 0x4, 0xff,
    0xff, 0x2, 0xff, 0xff, 0xb0, 0xef, 0xff, 0xf6,
    0xb, 0xcf, 0xff, 0xff, 0x30, 0xff, 0xff, 0xf4,
    0xdf, 0xff, 0xf6, 0xc, 0xff, 0xff, 0xff, 0x20,
    0xff, 0xff, 0xf3, 0x3f, 0xff, 0xf9, 0x6, 0xff,
    0xff, 0xfb, 0x3, 0xff, 0xff, 0xa0, 0x8, 0xff,
    0xff, 0x10, 0x7f, 0xff, 0xb1, 0xa, 0xff, 0xfd,
    0x0, 0x0, 0x9f, 0xff, 0xb0, 0x1, 0x32, 0x0,
    0x6f, 0xff, 0xd2, 0x0, 0x0, 0x7, 0xff, 0xfc,
    0x40, 0x0, 0x19, 0xff, 0xfc, 0x10, 0x0, 0x0,
    0x0, 0x3b, 0xff, 0xfe, 0xcd, 0xff, 0xfe, 0x60,
    0x0, 0x0, 0x0, 0x0, 0x0, 0x27, 0xce, 0xff,
    0xda, 0x50, 0x0, 0x0, 0x0,

    /* U+F070 "" */
    0x16, 0x0, 0x0, 0x0, 0x0, 0x0, 0x0, 0x0,
    0x0, 0x0, 0x0, 0x0, 0xbf, 0xc1, 0x0, 0x0,
    0x0, 0x0, 0x0, 0x0, 0x0, 0x0, 0x0, 0x0,
    0xaf, 0xfe, 0x30, 0x0, 0x0, 0x1, 0x10, 0x0,
    0x0, 0x0, 0x0, 0x0, 0x7, 0xff, 0xf7, 0x3,
    0x8c, 0xff, 0xff, 0xd8, 0x20, 0x0, 0x0, 0x0,
    0x0, 0x3e, 0xff, 0xef, 0xff, 0xda, 0xbe, 0xff,
    0xfa, 0x10, 0x0, 0x0, 0x0, 0x1, 0xbf, 0xff,
    0xd3, 0x0, 0x0, 0x5e, 0xff, 0xe4, 0x0, 0x0,
    0x0, 0x0, 0x8, 0xff, 0xf6, 0x9, 0x94, 0x2,
    0xef, 0xff, 0x50, 0x0, 0x0, 0x62, 0x0, 0x4e,
    0xff, 0xac, 0xff, 0x70, 0x6f, 0xff, 0xf3, 0x0,
    0x3, 0xff, 0x40, 0x2, 0xcf, 0xff, 0xff, 0xf2,
    0xf, 0xff, 0xfe, 0x0, 0xb, 0xff, 0xf8, 0x0,
    0x9, 0xff, 0xff, 0xf6, 0xd, 0xff, 0xff, 0x70,
    0xa, 0xff, 0xff, 0x90, 0x0, 0x5f, 0xff, 0xf5,
    0xd, 0xff, 0xff, 0x60, 0x1, 0xff, 0xff, 0xd0,
    0x0, 0x2, 0xdf, 0xfc, 0x3f, 0xff, 0xfc, 0x0,
    0x0, 0x5f, 0xff, 0xf4, 0x0, 0x0, 0xa, 0xff,
    0xff, 0xff, 0xe1, 0x0, 0x0, 0x6, 0xff, 0xfe,
    0x10, 0x0, 0x0, 0x7f, 0xff, 0xfe, 0x30, 0x0,
    0x0, 0x0, 0x5f, 0xff, 0xe5, 0x0, 0x0, 0x3,
    0xef, 0xfc, 0x10, 0x0, 0x0, 0x0, 0x1, 0xaf,
    0xff, 0xfd, 0xd5, 0x0, 0x1b, 0xff, 0xd3, 0x0,
    0x0, 0x0, 0x0, 0x2, 0x7b, 0xef, 0xfd, 0x40,
    0x0, 0x8f, 0xff, 0x60, 0x0, 0x0, 0x0, 0x0,
    0x0, 0x0, 0x0, 0x0, 0x0, 0x4, 0xef, 0xf8,
    0x0, 0x0, 0x0, 0x0, 0x0, 0x0, 0x0, 0x0,
    0x0, 0x0, 0x1c, 0xf6, 0x0, 0x0, 0x0, 0x0,
    0x0, 0x0, 0x0, 0x0, 0x0, 0x0, 0x0, 0x40,

    /* U+F071 "" */
    0x0, 0x0, 0x0, 0x0, 0x0, 0x28, 0x50, 0x0,
    0x0, 0x0, 0x0, 0x0, 0x0, 0x0, 0x0, 0x0,
    0x1e, 0xff, 0x50, 0x0, 0x0, 0x0, 0x0, 0x0,
    0x0, 0x0, 0x0, 0x9, 0xff, 0xfe, 0x0, 0x0,
    0x0, 0x0, 0x0, 0x0, 0x0, 0x0, 0x2, 0xff,
    0xff, 0xf8, 0x0, 0x0, 0x0, 0x0, 0x0, 0x0,
    0x0, 0x0, 0xbf, 0xff, 0xff, 0xf2, 0x0, 0x0,
    0x0, 0x0, 0x0, 0x0, 0x0, 0x4f, 0xff, 0xff,
    0xff, 0xa0, 0x0, 0x0, 0x0, 0x0, 0x0, 0x0,
    0xd, 0xff, 0xff, 0xff, 0xff, 0x40, 0x0, 0x0,
    0x0, 0x0, 0x0, 0x7, 0xff, 0xf1, 0x0, 0xbf,
    0xfd, 0x0, 0x0, 0x0, 0x0, 0x0, 0x1, 0xff,
    0xff, 0x10, 0xb, 0xff, 0xf6, 0x0, 0x0, 0x0,
    0x0, 0x0, 0x9f, 0xff, 0xf2, 0x0, 0xcf, 0xff,
    0xe1, 0x0, 0x0, 0x0, 0x0, 0x3f, 0xff, 0xff,
    0x30, 0xd, 0xff, 0xff, 0x90, 0x0, 0x0, 0x0,
    0xc, 0xff, 0xff, 0xf4, 0x0, 0xef, 0xff, 0xff,
    0x20, 0x0, 0x0, 0x5, 0xff, 0xff, 0xff, 0x60,
    0xf, 0xff, 0xff, 0xfb, 0x0, 0x0, 0x0, 0xef,
    0xff, 0xff, 0xff, 0xbe, 0xff, 0xff, 0xff, 0xf4,
    0x0, 0x0, 0x8f, 0xff, 0xff, 0xff, 0x40, 0xd,
    0xff, 0xff, 0xff, 0xd0, 0x0, 0x1f, 0xff, 0xff,
    0xff, 0xf0, 0x0, 0xaf, 0xff, 0xff, 0xff, 0x70,
    0xa, 0xff, 0xff, 0xff, 0xff, 0x92, 0x5f, 0xff,
    0xff, 0xff, 0xff, 0x10, 0xff, 0xff, 0xff, 0xff,
    0xff, 0xff, 0xff, 0xff, 0xff, 0xff, 0xf5, 0xa,
    0xff, 0xff, 0xff, 0xff, 0xff, 0xff, 0xff, 0xff,
    0xff, 0xfe, 0x10, 0x4, 0x55, 0x55, 0x55, 0x55,
    0x55, 0x55, 0x55, 0x55, 0x55, 0x10,

    /* U+F074 "" */
    0x0, 0x0, 0x0, 0x0, 0x0, 0x0, 0x0, 0x24,
    0x0, 0x0, 0x0, 0x0, 0x0, 0x0, 0x0, 0x0,
    0xb, 0xf6, 0x0, 0x0, 0x0, 0x0, 0x0, 0x0,
    0x0, 0x0, 0xcf, 0xf6, 0xf, 0xff, 0xff, 0x40,
    0x0, 0x0, 0xaf, 0xff, 0xff, 0xf6, 0xff, 0xff,
    0xff, 0x30, 0x0, 0x8f, 0xff, 0xff, 0xff, 0xed,
    0xee, 0xff, 0xff, 0x20, 0x7f, 0xff, 0xef, 0xff,
    0xf5, 0x0, 0x1, 0xdf, 0xd1, 0x6f, 0xff, 0x80,
    0xcf, 0xf5, 0x0, 0x0, 0x1, 0xc2, 0x5f, 0xff,
    0x90, 0xb, 0xf5, 0x0, 0x0, 0x0, 0x0, 0x4f,
    0xff, 0xa0, 0x0, 0x12, 0x0, 0x0, 0x0, 0x0,
    0x3f, 0xff, 0xb0, 0x0, 0x2, 0x40, 0x0, 0x0,
    0x0, 0x2e, 0xff, 0xc0, 0x8b, 0x0, 0xbf, 0x60,
    0x0, 0x0, 0x2e, 0xff, 0xd1, 0x6f, 0xfa, 0xc,
    0xff, 0x60, 0xff, 0xff, 0xff, 0xe1, 0x6, 0xff,
    0xff, 0xff, 0xff, 0x6f, 0xff, 0xff, 0xe2, 0x0,
    0x7, 0xff, 0xff, 0xff, 0xfe, 0xde, 0xee, 0xe3,
    0x0, 0x0, 0x7, 0xee, 0xff, 0xff, 0x50, 0x0,
    0x0, 0x0, 0x0, 0x0, 0x0, 0xc, 0xff, 0x50,
    0x0, 0x0, 0x0, 0x0, 0x0, 0x0, 0x0, 0xbf,
    0x50, 0x0, 0x0, 0x0, 0x0, 0x0, 0x0, 0x0,
    0x1, 0x20, 0x0,

    /* U+F077 "" */
    0x0, 0x0, 0x0, 0x0, 0x0, 0x0, 0x0, 0x0,
    0x0, 0x0, 0x0, 0x0, 0x9f, 0x30, 0x0, 0x0,
    0x0, 0x0, 0x0, 0x0, 0x9f, 0xff, 0x30, 0x0,
    0x0, 0x0, 0x0, 0x0, 0x9f, 0xff, 0xff, 0x30,
    0x0, 0x0, 0x0, 0x0, 0x9f, 0xff, 0xff, 0xff,
    0x30, 0x0, 0x0, 0x0, 0x9f, 0xff, 0x92, 0xdf,
    0xff, 0x30, 0x0, 0x0, 0x9f, 0xff, 0x90, 0x1,
    0xdf, 0xff, 0x30, 0x0, 0x9f, 0xff, 0x90, 0x0,
    0x1, 0xdf, 0xff, 0x30, 0x8f, 0xff, 0x90, 0x0,
    0x0, 0x1, 0xdf, 0xff, 0x29, 0xff, 0x90, 0x0,
    0x0, 0x0, 0x1, 0xdf, 0xf3, 0x9, 0x80, 0x0,
    0x0, 0x0, 0x0, 0x1, 0xb5, 0x0,

    /* U+F078 "" */
    0x0, 0x0, 0x0, 0x0, 0x0, 0x0, 0x0, 0x0,
    0x1, 0xdc, 0x10, 0x0, 0x0, 0x0, 0x0, 0x4f,
    0x80, 0xbf, 0xfc, 0x10, 0x0, 0x0, 0x0, 0x4f,
    0xff, 0x55, 0xff, 0xfc, 0x10, 0x0, 0x0, 0x4f,
    0xff, 0xd1, 0x5, 0xff, 0xfc, 0x10, 0x0, 0x4f,
    0xff, 0xd1, 0x0, 0x5, 0xff, 0xfc, 0x10, 0x4f,
    0xff, 0xd1, 0x0, 0x0, 0x5, 0xff, 0xfc, 0x5f,
    0xff, 0xd1, 0x0, 0x0, 0x0, 0x5, 0xff, 0xff,
    0xff, 0xd1, 0x0, 0x0, 0x0, 0x0, 0x5, 0xff,
    0xff, 0xd1, 0x0, 0x0, 0x0, 0x0, 0x0, 0x5,
    0xff, 0xd1, 0x0, 0x0, 0x0, 0x0, 0x0, 0x0,
    0x5, 0xb1, 0x0, 0x0, 0x0, 0x0,

    /* U+F079 "" */
    0x0, 0x0, 0x10, 0x0, 0x0, 0x0, 0x0, 0x0,
    0x0, 0x0, 0x0, 0x0, 0x0, 0x5, 0xfc, 0x10,
    0x0, 0x1, 0x11, 0x11, 0x11, 0x10, 0x0, 0x0,
    0x0, 0x6f, 0xff, 0xc1, 0x7, 0xff, 0xff, 0xff,
    0xff, 0xff, 0x10, 0x0, 0x6, 0xff, 0xff, 0xfd,
    0x14, 0xff, 0xff, 0xff, 0xff, 0xff, 0x30, 0x0,
    0x6f, 0xff, 0xff, 0xff, 0xd1, 0x35, 0x55, 0x55,
    0x57, 0xff, 0x30, 0x0, 0xcf, 0xc7, 0xff, 0x5f,
    0xf4, 0x0, 0x0, 0x0, 0x3, 0xff, 0x30, 0x0,
    0x27, 0x17, 0xff, 0x4, 0x60, 0x0, 0x0, 0x0,
    0x3, 0xff, 0x30, 0x0, 0x0, 0x7, 0xff, 0x0,
    0x0, 0x0, 0x0, 0x0, 0x3, 0xff, 0x30, 0x0,
    0x0, 0x7, 0xff, 0x0, 0x0, 0x0, 0x0, 0x0,
    0x3, 0xff, 0x30, 0x0, 0x0, 0x7, 0xff, 0x0,
    0x0, 0x0, 0x0, 0x19, 0x43, 0xff, 0x34, 0x91,
    0x0, 0x7, 0xff, 0x0, 0x0, 0x0, 0x0, 0x9f,
    0xf6, 0xff, 0x6f, 0xf9, 0x0, 0x7, 0xff, 0x66,
    0x66, 0x66, 0x62, 0x2e, 0xff, 0xff, 0xff, 0xe2,
    0x0, 0x7, 0xff, 0xff, 0xff, 0xff, 0xff, 0x22,
    0xef, 0xff, 0xfe, 0x20, 0x0, 0x3, 0xef, 0xff,
    0xff, 0xff, 0xfe, 0x30, 0x2e, 0xff, 0xe2, 0x0,
    0x0, 0x0, 0x0, 0x0, 0x0, 0x0, 0x0, 0x0,
    0x1, 0xdd, 0x10, 0x0, 0x0, 0x0, 0x0, 0x0,
    0x0, 0x0, 0x0, 0x0, 0x0, 0x0, 0x0, 0x0,

    /* U+F07B "" */
    0x3, 0x44, 0x44, 0x43, 0x0, 0x0, 0x0, 0x0,
    0x0, 0x9, 0xff, 0xff, 0xff, 0xf7, 0x0, 0x0,
    0x0, 0x0, 0x0, 0xff, 0xff, 0xff, 0xff, 0xf7,
    0x0, 0x0, 0x0, 0x0, 0xf, 0xff, 0xff, 0xff,
    0xff, 0xfe, 0xee, 0xee, 0xee, 0xd4, 0xff, 0xff,
    0xff, 0xff, 0xff, 0xff, 0xff, 0xff, 0xff, 0xef,
    0xff, 0xff, 0xff, 0xff, 0xff, 0xff, 0xff, 0xff,
    0xff, 0xff, 0xff, 0xff, 0xff, 0xff, 0xff, 0xff,
    0xff, 0xff, 0xff, 0xff, 0xff, 0xff, 0xff, 0xff,
    0xff, 0xff, 0xff, 0xff, 0xff, 0xff, 0xff, 0xff,
    0xff, 0xff, 0xff, 0xff, 0xff, 0xff, 0xff, 0xff,
    0xff, 0xff, 0xff, 0xff, 0xff, 0xff, 0xff, 0xff,
    0xff, 0xff, 0xff, 0xff, 0xff, 0xff, 0xff, 0xff,
    0xff, 0xff, 0xff, 0xff, 0xff, 0xff, 0xff, 0xff,
    0xff, 0xff, 0xff, 0xff, 0xff, 0xff, 0xff, 0xff,
    0xff, 0xff, 0xff, 0xff, 0xff, 0xff, 0xff, 0xff,
    0xff, 0xff, 0xff, 0xff, 0xff, 0x6f, 0xff, 0xff,
    0xff, 0xff, 0xff, 0xff, 0xff, 0xff, 0x60,

    /* U+F093 "" */
    0x0, 0x0, 0x0, 0x0, 0x16, 0x0, 0x0, 0x0,
    0x0, 0x0, 0x0, 0x0, 0x0, 0x1c, 0xfb, 0x0,
    0x0, 0x0, 0x0, 0x0, 0x0, 0x0, 0x1c, 0xff,
    0xfb, 0x0, 0x0, 0x0, 0x0, 0x0, 0x0, 0x1c,
    0xff, 0xff, 0xfb, 0x0, 0x0, 0x0, 0x0, 0x0,
    0x1c, 0xff, 0xff, 0xff, 0xfb, 0x0, 0x0, 0x0,
    0x0, 0x1c, 0xff, 0xff, 0xff, 0xff, 0xfb, 0x0,
    0x0, 0x0, 0xb, 0xff, 0xff, 0xff, 0xff, 0xff,
    0xfa, 0x0, 0x0, 0x0, 0x69, 0x99, 0xff, 0xff,
    0xe9, 0x99, 0x50, 0x0, 0x0, 0x0, 0x0, 0xe,
    0xff, 0xfd, 0x0, 0x0, 0x0, 0x0, 0x0, 0x0,
    0x0, 0xef, 0xff, 0xd0, 0x0, 0x0, 0x0, 0x0,
    0x0, 0x0, 0xe, 0xff, 0xfd, 0x0, 0x0, 0x0,
    0x0, 0x0, 0x0, 0x0, 0xef, 0xff, 0xd0, 0x0,
    0x0, 0x0, 0x0, 0x0, 0x0, 0xe, 0xff, 0xfd,
    0x0, 0x0, 0x0, 0x4, 0x77, 0x77, 0x60, 0xef,
    0xff, 0xd0, 0x67, 0x77, 0x74, 0xff, 0xff, 0xff,
    0x25, 0x99, 0x84, 0x2f, 0xff, 0xff, 0xff, 0xff,
    0xff, 0xfe, 0x76, 0x66, 0x7e, 0xff, 0xff, 0xff,
    0xff, 0xff, 0xff, 0xff, 0xff, 0xff, 0xff, 0xff,
    0xff, 0xff, 0xff, 0xff, 0xff, 0xff, 0xff, 0xff,
    0x1c, 0x66, 0xff, 0xef, 0xff, 0xff, 0xff, 0xff,
    0xff, 0xff, 0xff, 0xff, 0xe0, 0x22, 0x22, 0x22,
    0x22, 0x22, 0x22, 0x22, 0x22, 0x20,

    /* U+F095 "" */
    0x0, 0x0, 0x0, 0x0, 0x0, 0x0, 0x0, 0x38,
    0x51, 0x0, 0x0, 0x0, 0x0, 0x0, 0x0, 0x0,
    0x0, 0xdf, 0xff, 0xe8, 0x0, 0x0, 0x0, 0x0,
    0x0, 0x0, 0x4, 0xff, 0xff, 0xff, 0x0, 0x0,
    0x0, 0x0, 0x0, 0x0, 0xa, 0xff, 0xff, 0xfe,
    0x0, 0x0, 0x0, 0x0, 0x0, 0x0, 0x1f, 0xff,
    0xff, 0xfd, 0x0, 0x0, 0x0, 0x0, 0x0, 0x0,
    0x5f, 0xff, 0xff, 0xfa, 0x0, 0x0, 0x0, 0x0,
    0x0, 0x0, 0x9, 0xff, 0xff, 0xf7, 0x0, 0x0,
    0x0, 0x0, 0x0, 0x0, 0x0, 0x6f, 0xff, 0xf2,
    0x0, 0x0, 0x0, 0x0, 0x0, 0x0, 0x0, 0x3f,
    0xff, 0xd0, 0x0, 0x0, 0x0, 0x0, 0x0, 0x0,
    0x0, 0xcf, 0xff, 0x60, 0x0, 0x0, 0x0, 0x0,
    0x0, 0x0, 0x7, 0xff, 0xfd, 0x0, 0x0, 0x0,
    0x0, 0x0, 0x0, 0x0, 0x4f, 0xff, 0xf4, 0x0,
    0x0, 0x1, 0x7d, 0xd1, 0x0, 0x6, 0xff, 0xff,
    0x80, 0x0, 0x2, 0x9f, 0xff, 0xfb, 0x1, 0x9f,
    0xff, 0xfb, 0x0, 0x0, 0xe, 0xff, 0xff, 0xff,
    0xbe, 0xff, 0xff, 0xb0, 0x0, 0x0, 0xc, 0xff,
    0xff, 0xff, 0xff, 0xff, 0xf9, 0x0, 0x0, 0x0,
    0x9, 0xff, 0xff, 0xff, 0xff, 0xfe, 0x60, 0x0,
    0x0, 0x0, 0x5, 0xff, 0xff, 0xff, 0xff, 0x91,
    0x0, 0x0, 0x0, 0x0, 0x1, 0xff, 0xff, 0xfb,
    0x61, 0x0, 0x0, 0x0, 0x0, 0x0, 0x0, 0x45,
    0x42, 0x0, 0x0, 0x0, 0x0, 0x0, 0x0, 0x0,

    /* U+F0C4 "" */
    0x0, 0x46, 0x40, 0x0, 0x0, 0x0, 0x0, 0x0,
    0x0, 0xbf, 0xff, 0xc1, 0x0, 0x0, 0x3, 0xac,
    0x80, 0x9f, 0xff, 0xff, 0xa0, 0x0, 0x4, 0xff,
    0xff, 0x7e, 0xfa, 0x8, 0xff, 0x0, 0x4, 0xff,
    0xff, 0xa0, 0xff, 0x70, 0x5f, 0xf1, 0x4, 0xff,
    0xff, 0xa0, 0xc, 0xfe, 0x9e, 0xff, 0x4, 0xff,
    0xff, 0xa0, 0x0, 0x3f, 0xff, 0xff, 0xfc, 0xff,
    0xff, 0xa0, 0x0, 0x0, 0x3a, 0xdf, 0xff, 0xff,
    0xff, 0xa0, 0x0, 0x0, 0x0, 0x0, 0x4f, 0xff,
    0xff, 0xa0, 0x0, 0x0, 0x0, 0x0, 0x5, 0xff,
    0xff, 0xfd, 0x10, 0x0, 0x0, 0x4, 0xce, 0xff,
    0xff, 0xff, 0xfd, 0x10, 0x0, 0x4, 0xff, 0xff,
    0xff, 0xbe, 0xff, 0xfd, 0x10, 0x0, 0xcf, 0xe7,
    0xdf, 0xf0, 0x2e, 0xff, 0xfd, 0x10, 0xf, 0xf6,
    0x4, 0xff, 0x10, 0x2e, 0xff, 0xfd, 0x10, 0xef,
    0xc3, 0xbf, 0xf0, 0x0, 0x2e, 0xff, 0xfd, 0x17,
    0xff, 0xff, 0xf9, 0x0, 0x0, 0x2e, 0xff, 0xf7,
    0x8, 0xff, 0xf9, 0x0, 0x0, 0x0, 0x17, 0x84,
    0x0, 0x0, 0x21, 0x0, 0x0, 0x0, 0x0, 0x0,
    0x0,

    /* U+F0C5 "" */
    0x0, 0x0, 0x8, 0x99, 0x99, 0x98, 0x7, 0x0,
    0x0, 0x0, 0x3, 0xff, 0xff, 0xff, 0xe0, 0xfb,
    0x0, 0x0, 0x0, 0x3f, 0xff, 0xff, 0xfe, 0xf,
    0xfb, 0x0, 0x11, 0x3, 0xff, 0xff, 0xff, 0xe0,
    0xef, 0xf8, 0xdf, 0xf9, 0x3f, 0xff, 0xff, 0xff,
    0x10, 0x0, 0xf, 0xff, 0x93, 0xff, 0xff, 0xff,
    0xff, 0xff, 0xf9, 0xff, 0xf9, 0x3f, 0xff, 0xff,
    0xff, 0xff, 0xff, 0xaf, 0xff, 0x93, 0xff, 0xff,
    0xff, 0xff, 0xff, 0xfa, 0xff, 0xf9, 0x3f, 0xff,
    0xff, 0xff, 0xff, 0xff, 0xaf, 0xff, 0x93, 0xff,
    0xff, 0xff, 0xff, 0xff, 0xfa, 0xff, 0xf9, 0x3f,
    0xff, 0xff, 0xff, 0xff, 0xff, 0xaf, 0xff, 0x93,
    0xff, 0xff, 0xff, 0xff, 0xff, 0xfa, 0xff, 0xf9,
    0x3f, 0xff, 0xff, 0xff, 0xff, 0xff, 0xaf, 0xff,
    0x93, 0xff, 0xff, 0xff, 0xff, 0xff, 0xfa, 0xff,
    0xf9, 0x3f, 0xff, 0xff, 0xff, 0xff, 0xff, 0x9f,
    0xff, 0xb0, 0xab, 0xbb, 0xbb, 0xbb, 0xbb, 0xb4,
    0xff, 0xff, 0x60, 0x0, 0x0, 0x0, 0x0, 0x0,
    0xf, 0xff, 0xff, 0xff, 0xff, 0xff, 0xe0, 0x0,
    0x0, 0xff, 0xff, 0xff, 0xff, 0xff, 0xfe, 0x0,
    0x0, 0x3, 0x66, 0x66, 0x66, 0x66, 0x66, 0x20,
    0x0, 0x0,

    /* U+F0C7 "" */
    0x5, 0x66, 0x66, 0x66, 0x66, 0x66, 0x30, 0x0,
    0xb, 0xff, 0xff, 0xff, 0xff, 0xff, 0xff, 0x60,
    0x0, 0xff, 0xff, 0xff, 0xff, 0xff, 0xff, 0xff,
    0x60, 0xf, 0xf6, 0x0, 0x0, 0x0, 0x0, 0x2f,
    0xff, 0x60, 0xff, 0x60, 0x0, 0x0, 0x0, 0x1,
    0xff, 0xff, 0x5f, 0xf6, 0x0, 0x0, 0x0, 0x0,
    0x1f, 0xff, 0xfa, 0xff, 0x60, 0x0, 0x0, 0x0,
    0x1, 0xff, 0xff, 0xaf, 0xf9, 0x55, 0x55, 0x55,
    0x55, 0x6f, 0xff, 0xfa, 0xff, 0xff, 0xff, 0xff,
    0xff, 0xff, 0xff, 0xff, 0xaf, 0xff, 0xff, 0xff,
    0xff, 0xff, 0xff, 0xff, 0xfa, 0xff, 0xff, 0xff,
    0xd4, 0x16, 0xff, 0xff, 0xff, 0xaf, 0xff, 0xff,
    0xf2, 0x0, 0x8, 0xff, 0xff, 0xfa, 0xff, 0xff,
    0xff, 0x0, 0x0, 0x5f, 0xff, 0xff, 0xaf, 0xff,
    0xff, 0xf3, 0x0, 0x9, 0xff, 0xff, 0xfa, 0xff,
    0xff, 0xff, 0xe6, 0x38, 0xff, 0xff, 0xff, 0xaf,
    0xff, 0xff, 0xff, 0xff, 0xff, 0xff, 0xff, 0xfa,
    0x8f, 0xff, 0xff, 0xff, 0xff, 0xff, 0xff, 0xff,
    0x40, 0x23, 0x33, 0x33, 0x33, 0x33, 0x33, 0x32,
    0x10,

    /* U+F0C9 "" */
    0x8a, 0xaa, 0xaa, 0xaa, 0xaa, 0xaa, 0xaa, 0xaa,
    0x4f, 0xff, 0xff, 0xff, 0xff, 0xff, 0xff, 0xff,
    0xfa, 0xef, 0xff, 0xff, 0xff, 0xff, 0xff, 0xff,
    0xff, 0x80, 0x0, 0x0, 0x0, 0x0, 0x0, 0x0,
    0x0, 0x0, 0x0, 0x0, 0x0, 0x0, 0x0, 0x0,
    0x0, 0x0, 0x0, 0x0, 0x0, 0x0, 0x0, 0x0,
    0x0, 0x0, 0x0, 0x8a, 0xaa, 0xaa, 0xaa, 0xaa,
    0xaa, 0xaa, 0xaa, 0x4f, 0xff, 0xff, 0xff, 0xff,
    0xff, 0xff, 0xff, 0xfa, 0xef, 0xff, 0xff, 0xff,
    0xff, 0xff, 0xff, 0xff, 0x80, 0x0, 0x0, 0x0,
    0x0, 0x0, 0x0, 0x0, 0x0, 0x0, 0x0, 0x0,
    0x0, 0x0, 0x0, 0x0, 0x0, 0x0, 0x0, 0x0,
    0x0, 0x0, 0x0, 0x0, 0x0, 0x0, 0x8a, 0xaa,
    0xaa, 0xaa, 0xaa, 0xaa, 0xaa, 0xaa, 0x4f, 0xff,
    0xff, 0xff, 0xff, 0xff, 0xff, 0xff, 0xfa, 0xef,
    0xff, 0xff, 0xff, 0xff, 0xff, 0xff, 0xff, 0x80,
    0x0, 0x0, 0x0, 0x0, 0x0, 0x0, 0x0, 0x0,

    /* U+F0E0 "" */
    0x6, 0x77, 0x77, 0x77, 0x77, 0x77, 0x77, 0x77,
    0x76, 0xb, 0xff, 0xff, 0xff, 0xff, 0xff, 0xff,
    0xff, 0xff, 0xfb, 0xff, 0xff, 0xff, 0xff, 0xff,
    0xff, 0xff, 0xff, 0xff, 0xfc, 0xff, 0xff, 0xff,
    0xff, 0xff, 0xff, 0xff, 0xff, 0xfc, 0x9, 0xff,
    0xff, 0xff, 0xff, 0xff, 0xff, 0xff, 0xf9, 0x9,
    0x5, 0xff, 0xff, 0xff, 0xff, 0xff, 0xff, 0xf5,
    0x6, 0xfd, 0x22, 0xdf, 0xff, 0xff, 0xff, 0xff,
    0xd2, 0x1a, 0xff, 0xff, 0x50, 0x9f, 0xff, 0xff,
    0xff, 0x90, 0x3e, 0xff, 0xff, 0xff, 0x90, 0x5e,
    0xff, 0xfe, 0x50, 0x7f, 0xff, 0xff, 0xff, 0xff,
    0xd2, 0x1b, 0xfa, 0x11, 0xcf, 0xff, 0xff, 0xff,
    0xff, 0xff, 0xe5, 0x0, 0x4, 0xef, 0xff, 0xff,
    0xff, 0xff, 0xff, 0xff, 0xfc, 0x9c, 0xff, 0xff,
    0xff, 0xff, 0xff, 0xff, 0xff, 0xff, 0xff, 0xff,
    0xff, 0xff, 0xff, 0xfe, 0xff, 0xff, 0xff, 0xff,
    0xff, 0xff, 0xff, 0xff, 0xff, 0x6f, 0xff, 0xff,
    0xff, 0xff, 0xff, 0xff, 0xff, 0xff, 0x60,

    /* U+F0E7 "" */
    0x0, 0x5a, 0xaa, 0xaa, 0x90, 0x0, 0x0, 0x0,
    0xdf, 0xff, 0xff, 0xf3, 0x0, 0x0, 0x0, 0xff,
    0xff, 0xff, 0xe0, 0x0, 0x0, 0x2, 0xff, 0xff,
    0xff, 0x90, 0x0, 0x0, 0x4, 0xff, 0xff, 0xff,
    0x40, 0x0, 0x0, 0x6, 0xff, 0xff, 0xff, 0x0,
    0x0, 0x0, 0x8, 0xff, 0xff, 0xfe, 0xbb, 0xbb,
    0x60, 0xa, 0xff, 0xff, 0xff, 0xff, 0xff, 0xc0,
    0xc, 0xff, 0xff, 0xff, 0xff, 0xff, 0x40, 0xe,
    0xff, 0xff, 0xff, 0xff, 0xfa, 0x0, 0xd, 0xff,
    0xff, 0xff, 0xff, 0xf2, 0x0, 0x0, 0x0, 0x0,
    0xcf, 0xff, 0x80, 0x0, 0x0, 0x0, 0x0, 0xff,
    0xfe, 0x0, 0x0, 0x0, 0x0, 0x4, 0xff, 0xf5,
    0x0, 0x0, 0x0, 0x0, 0x8, 0xff, 0xc0, 0x0,
    0x0, 0x0, 0x0, 0xc, 0xff, 0x30, 0x0, 0x0,
    0x0, 0x0, 0xf, 0xfa, 0x0, 0x0, 0x0, 0x0,
    0x0, 0x3f, 0xf1, 0x0, 0x0, 0x0, 0x0, 0x0,
    0x6f, 0x70, 0x0, 0x0, 0x0, 0x0, 0x0, 0x4,
    0x0, 0x0, 0x0, 0x0,

    /* U+F0EA "" */
    0x0, 0x0, 0x28, 0x81, 0x0, 0x0, 0x0, 0x0,
    0x4, 0x77, 0x7e, 0xff, 0xd7, 0x76, 0x30, 0x0,
    0x0, 0xff, 0xff, 0xf2, 0x4f, 0xff, 0xfd, 0x0,
    0x0, 0xf, 0xff, 0xff, 0x9a, 0xff, 0xff, 0xe0,
    0x0, 0x0, 0xff, 0xff, 0xff, 0xff, 0xff, 0xfe,
    0x0, 0x0, 0xf, 0xff, 0xff, 0xa3, 0x22, 0x22,
    0x10, 0x0, 0x0, 0xff, 0xff, 0xe0, 0x79, 0x99,
    0x98, 0x7, 0x0, 0xf, 0xff, 0xfc, 0xf, 0xff,
    0xff, 0xe0, 0xfb, 0x0, 0xff, 0xff, 0xc1, 0xff,
    0xff, 0xfe, 0xf, 0xfb, 0xf, 0xff, 0xfc, 0x1f,
    0xff, 0xff, 0xe0, 0xef, 0xf8, 0xff, 0xff, 0xc1,
    0xff, 0xff, 0xff, 0x10, 0x0, 0xf, 0xff, 0xfc,
    0x1f, 0xff, 0xff, 0xff, 0xff, 0xf9, 0xff, 0xff,
    0xc1, 0xff, 0xff, 0xff, 0xff, 0xff, 0xaf, 0xff,
    0xfc, 0x1f, 0xff, 0xff, 0xff, 0xff, 0xfa, 0xff,
    0xff, 0xc1, 0xff, 0xff, 0xff, 0xff, 0xff, 0xa9,
    0xcc, 0xc9, 0x1f, 0xff, 0xff, 0xff, 0xff, 0xfa,
    0x0, 0x0, 0x1, 0xff, 0xff, 0xff, 0xff, 0xff,
    0xa0, 0x0, 0x0, 0x1f, 0xff, 0xff, 0xff, 0xff,
    0xfa, 0x0, 0x0, 0x0, 0xff, 0xff, 0xff, 0xff,
    0xff, 0x90, 0x0, 0x0, 0x3, 0x55, 0x55, 0x55,
    0x55, 0x51,

    /* U+F0F3 "" */
    0x0, 0x0, 0x0, 0x2, 0x60, 0x0, 0x0, 0x0,
    0x0, 0x0, 0x0, 0x0, 0xcf, 0x60, 0x0, 0x0,
    0x0, 0x0, 0x0, 0x0, 0x5e, 0xfb, 0x30, 0x0,
    0x0, 0x0, 0x0, 0x4, 0xef, 0xff, 0xff, 0xb1,
    0x0, 0x0, 0x0, 0x4, 0xff, 0xff, 0xff, 0xff,
    0xd0, 0x0, 0x0, 0x0, 0xef, 0xff, 0xff, 0xff,
    0xff, 0x80, 0x0, 0x0, 0x5f, 0xff, 0xff, 0xff,
    0xff, 0xfe, 0x0, 0x0, 0x9, 0xff, 0xff, 0xff,
    0xff, 0xff, 0xf2, 0x0, 0x0, 0xaf, 0xff, 0xff,
    0xff, 0xff, 0xff, 0x40, 0x0, 0xb, 0xff, 0xff,
    0xff, 0xff, 0xff, 0xf5, 0x0, 0x0, 0xef, 0xff,
    0xff, 0xff, 0xff, 0xff, 0x70, 0x0, 0x2f, 0xff,
    0xff, 0xff, 0xff, 0xff, 0xfc, 0x0, 0x8, 0xff,
    0xff, 0xff, 0xff, 0xff, 0xff, 0xf2, 0x4, 0xff,
    0xff, 0xff, 0xff, 0xff, 0xff, 0xff, 0xd1, 0xef,
    0xff, 0xff, 0xff, 0xff, 0xff, 0xff, 0xff, 0x89,
    0xff, 0xff, 0xff, 0xff, 0xff, 0xff, 0xff, 0xe4,
    0x0, 0x0, 0x0, 0x0, 0x0, 0x0, 0x0, 0x0,
    0x0, 0x0, 0x0, 0xf, 0xff, 0xf9, 0x0, 0x0,
    0x0, 0x0, 0x0, 0x0, 0x7f, 0xfe, 0x20, 0x0,
    0x0, 0x0, 0x0, 0x0, 0x0, 0x25, 0x10, 0x0,
    0x0, 0x0,

    /* U+F11C "" */
    0x3, 0x44, 0x44, 0x44, 0x44, 0x44, 0x44, 0x44,
    0x44, 0x43, 0x0, 0x9f, 0xff, 0xff, 0xff, 0xff,
    0xff, 0xff, 0xff, 0xff, 0xff, 0xe1, 0xff, 0xff,
    0xff, 0xff, 0xff, 0xff, 0xff, 0xff, 0xff, 0xff,
    0xf5, 0xff, 0x82, 0x6f, 0x22, 0xf6, 0x24, 0xf3,
    0x27, 0xe2, 0x2f, 0xf6, 0xff, 0x60, 0x4f, 0x0,
    0xe4, 0x2, 0xf1, 0x5, 0xd0, 0xf, 0xf6, 0xff,
    0x94, 0x8f, 0x44, 0xf8, 0x46, 0xf6, 0x49, 0xe4,
    0x5f, 0xf6, 0xff, 0xff, 0xfe, 0xff, 0xef, 0xff,
    0xef, 0xfe, 0xef, 0xff, 0xf6, 0xff, 0xff, 0x20,
    0x89, 0x1, 0xf4, 0x4, 0xf0, 0xc, 0xff, 0xf6,
    0xff, 0xff, 0x20, 0x89, 0x1, 0xf4, 0x4, 0xf0,
    0xc, 0xff, 0xf6, 0xff, 0xff, 0xff, 0xff, 0xff,
    0xff, 0xff, 0xff, 0xff, 0xff, 0xf6, 0xff, 0x93,
    0x7f, 0x43, 0x33, 0x33, 0x33, 0x38, 0xe3, 0x4f,
    0xf6, 0xff, 0x60, 0x4f, 0x0, 0x0, 0x0, 0x0,
    0x5, 0xd0, 0xf, 0xf6, 0xff, 0xa6, 0x9f, 0x66,
    0x66, 0x66, 0x66, 0x6a, 0xe6, 0x6f, 0xf6, 0xff,
    0xff, 0xff, 0xff, 0xff, 0xff, 0xff, 0xff, 0xff,
    0xff, 0xf5, 0x6f, 0xff, 0xff, 0xff, 0xff, 0xff,
    0xff, 0xff, 0xff, 0xff, 0xb0,

    /* U+F124 "" */
    0x0, 0x0, 0x0, 0x0, 0x0, 0x0, 0x0, 0x0,
    0x17, 0x81, 0x0, 0x0, 0x0, 0x0, 0x0, 0x0,
    0x0, 0x1, 0x8f, 0xff, 0xc0, 0x0, 0x0, 0x0,
    0x0, 0x0, 0x0, 0x2a, 0xff, 0xff, 0xfe, 0x0,
    0x0, 0x0, 0x0, 0x0, 0x4, 0xbf, 0xff, 0xff,
    0xff, 0x90, 0x0, 0x0, 0x0, 0x0, 0x5c, 0xff,
    0xff, 0xff, 0xff, 0xf1, 0x0, 0x0, 0x0, 0x6,
    0xdf, 0xff, 0xff, 0xff, 0xff, 0xfa, 0x0, 0x0,
    0x1, 0x8e, 0xff, 0xff, 0xff, 0xff, 0xff, 0xff,
    0x30, 0x0, 0x19, 0xff, 0xff, 0xff, 0xff, 0xff,
    0xff, 0xff, 0xb0, 0x0, 0xc, 0xff, 0xff, 0xff,
    0xff, 0xff, 0xff, 0xff, 0xf4, 0x0, 0x0, 0xff,
    0xff, 0xff, 0xff, 0xff, 0xff, 0xff, 0xfc, 0x0,
    0x0, 0x7, 0xff, 0xff, 0xff, 0xff, 0xff, 0xff,
    0xff, 0x50, 0x0, 0x0, 0x0, 0x11, 0x11, 0x11,
    0xbf, 0xff, 0xff, 0xd0, 0x0, 0x0, 0x0, 0x0,
    0x0, 0x0, 0xb, 0xff, 0xff, 0xf6, 0x0, 0x0,
    0x0, 0x0, 0x0, 0x0, 0x0, 0xbf, 0xff, 0xfe,
    0x0, 0x0, 0x0, 0x0, 0x0, 0x0, 0x0, 0xb,
    0xff, 0xff, 0x80, 0x0, 0x0, 0x0, 0x0, 0x0,
    0x0, 0x0, 0xbf, 0xff, 0xf1, 0x0, 0x0, 0x0,
    0x0, 0x0, 0x0, 0x0, 0xb, 0xff, 0xf9, 0x0,
    0x0, 0x0, 0x0, 0x0, 0x0, 0x0, 0x0, 0xaf,
    0xff, 0x20, 0x0, 0x0, 0x0, 0x0, 0x0, 0x0,
    0x0, 0x6, 0xff, 0x90, 0x0, 0x0, 0x0, 0x0,
    0x0, 0x0, 0x0, 0x0, 0x3, 0x40, 0x0, 0x0,
    0x0, 0x0,

    /* U+F15B "" */
    0xad, 0xdd, 0xdd, 0xdd, 0x48, 0x40, 0x0, 0xf,
    0xff, 0xff, 0xff, 0xf5, 0xaf, 0x40, 0x0, 0xff,
    0xff, 0xff, 0xff, 0x5a, 0xff, 0x40, 0xf, 0xff,
    0xff, 0xff, 0xf5, 0xaf, 0xff, 0x40, 0xff, 0xff,
    0xff, 0xff, 0x59, 0xee, 0xed, 0xf, 0xff, 0xff,
    0xff, 0xf7, 0x0, 0x0, 0x0, 0xff, 0xff, 0xff,
    0xff, 0xfe, 0xee, 0xee, 0x1f, 0xff, 0xff, 0xff,
    0xff, 0xff, 0xff, 0xf1, 0xff, 0xff, 0xff, 0xff,
    0xff, 0xff, 0xff, 0x1f, 0xff, 0xff, 0xff, 0xff,
    0xff, 0xff, 0xf1, 0xff, 0xff, 0xff, 0xff, 0xff,
    0xff, 0xff, 0x1f, 0xff, 0xff, 0xff, 0xff, 0xff,
    0xff, 0xf1, 0xff, 0xff, 0xff, 0xff, 0xff, 0xff,
    0xff, 0x1f, 0xff, 0xff, 0xff, 0xff, 0xff, 0xff,
    0xf1, 0xff, 0xff, 0xff, 0xff, 0xff, 0xff, 0xff,
    0x1f, 0xff, 0xff, 0xff, 0xff, 0xff, 0xff, 0xf1,
    0xff, 0xff, 0xff, 0xff, 0xff, 0xff, 0xff, 0x1f,
    0xff, 0xff, 0xff, 0xff, 0xff, 0xff, 0xf1, 0xef,
    0xff, 0xff, 0xff, 0xff, 0xff, 0xff, 0x0, 0x22,
    0x22, 0x22, 0x22, 0x22, 0x22, 0x0,

    /* U+F1EB "" */
    0x0, 0x0, 0x0, 0x0, 0x0, 0x0, 0x0, 0x0,
    0x0, 0x0, 0x0, 0x0, 0x0, 0x0, 0x0, 0x1,
    0x58, 0x9a, 0xa9, 0x74, 0x0, 0x0, 0x0, 0x0,
    0x0, 0x0, 0x7, 0xcf, 0xff, 0xff, 0xff, 0xff,
    0xfb, 0x50, 0x0, 0x0, 0x0, 0x7, 0xff, 0xff,
    0xff, 0xff, 0xff, 0xff, 0xff, 0xfd, 0x50, 0x0,
    0x3, 0xdf, 0xff, 0xff, 0xb8, 0x65, 0x57, 0x9d,
    0xff, 0xff, 0xfb, 0x10, 0x5f, 0xff, 0xfd, 0x50,
    0x0, 0x0, 0x0, 0x0, 0x17, 0xef, 0xff, 0xe2,
    0xdf, 0xff, 0x50, 0x0, 0x0, 0x0, 0x0, 0x0,
    0x0, 0x8, 0xff, 0xf9, 0x2e, 0xc2, 0x0, 0x0,
    0x37, 0x9a, 0xa9, 0x62, 0x0, 0x0, 0x4e, 0xc0,
    0x1, 0x0, 0x0, 0x5d, 0xff, 0xff, 0xff, 0xff,
    0xb3, 0x0, 0x1, 0x0, 0x0, 0x0, 0x1b, 0xff,
    0xff, 0xff, 0xff, 0xff, 0xff, 0x90, 0x0, 0x0,
    0x0, 0x0, 0xbf, 0xff, 0xe9, 0x64, 0x46, 0xaf,
    0xff, 0xf7, 0x0, 0x0, 0x0, 0x0, 0x3e, 0xf7,
    0x0, 0x0, 0x0, 0x1, 0xaf, 0xd1, 0x0, 0x0,
    0x0, 0x0, 0x2, 0x30, 0x0, 0x0, 0x0, 0x0,
    0x4, 0x10, 0x0, 0x0, 0x0, 0x0, 0x0, 0x0,
    0x0, 0x28, 0x71, 0x0, 0x0, 0x0, 0x0, 0x0,
    0x0, 0x0, 0x0, 0x0, 0x2, 0xff, 0xfd, 0x0,
    0x0, 0x0, 0x0, 0x0, 0x0, 0x0, 0x0, 0x0,
    0x7, 0xff, 0xff, 0x30, 0x0, 0x0, 0x0, 0x0,
    0x0, 0x0, 0x0, 0x0, 0x5, 0xff, 0xff, 0x10,
    0x0, 0x0, 0x0, 0x0, 0x0, 0x0, 0x0, 0x0,
    0x0, 0xaf, 0xf6, 0x0, 0x0, 0x0, 0x0, 0x0,
    0x0, 0x0, 0x0, 0x0, 0x0, 0x1, 0x0, 0x0,
    0x0, 0x0, 0x0, 0x0,

    /* U+F240 "" */
    0x3, 0x44, 0x44, 0x44, 0x44, 0x44, 0x44, 0x44,
    0x44, 0x44, 0x41, 0x0, 0x9f, 0xff, 0xff, 0xff,
    0xff, 0xff, 0xff, 0xff, 0xff, 0xff, 0xff, 0x30,
    0xff, 0xff, 0xff, 0xff, 0xff, 0xff, 0xff, 0xff,
    0xff, 0xff, 0xff, 0x80, 0xff, 0x71, 0x11, 0x11,
    0x11, 0x11, 0x11, 0x11, 0x11, 0x11, 0xaf, 0xf9,
    0xff, 0x64, 0xbb, 0xbb, 0xbb, 0xbb, 0xbb, 0xbb,
    0xbb, 0xb0, 0xaf, 0xfe, 0xff, 0x67, 0xff, 0xff,
    0xff, 0xff, 0xff, 0xff, 0xff, 0xf0, 0x7d, 0xfe,
    0xff, 0x67, 0xff, 0xff, 0xff, 0xff, 0xff, 0xff,
    0xff, 0xf0, 0x7, 0xfe, 0xff, 0x67, 0xff, 0xff,
    0xff, 0xff, 0xff, 0xff, 0xff, 0xf0, 0x7, 0xfe,
    0xff, 0x67, 0xff, 0xff, 0xff, 0xff, 0xff, 0xff,
    0xff, 0xf0, 0x8e, 0xfe, 0xff, 0x60, 0x0, 0x0,
    0x0, 0x0, 0x0, 0x0, 0x0, 0x0, 0xaf, 0xfe,
    0xff, 0xa6, 0x66, 0x66, 0x66, 0x66, 0x66, 0x66,
    0x66, 0x66, 0xcf, 0xd5, 0xef, 0xff, 0xff, 0xff,
    0xff, 0xff, 0xff, 0xff, 0xff, 0xff, 0xff, 0x70,
    0x5e, 0xff, 0xff, 0xff, 0xff, 0xff, 0xff, 0xff,
    0xff, 0xff, 0xfc, 0x10,

    /* U+F241 "" */
    0x3, 0x44, 0x44, 0x44, 0x44, 0x44, 0x44, 0x44,
    0x44, 0x44, 0x41, 0x0, 0x9f, 0xff, 0xff, 0xff,
    0xff, 0xff, 0xff, 0xff, 0xff, 0xff, 0xff, 0x30,
    0xff, 0xff, 0xff, 0xff, 0xff, 0xff, 0xff, 0xff,
    0xff, 0xff, 0xff, 0x80, 0xff, 0x71, 0x11, 0x11,
    0x11, 0x11, 0x11, 0x11, 0x11, 0x11, 0xaf, 0xf9,
    0xff, 0x62, 0xbb, 0xbb, 0xbb, 0xbb, 0xbb, 0xb7,
    0x0, 0x0, 0xaf, 0xfe, 0xff, 0x63, 0xff, 0xff,
    0xff, 0xff, 0xff, 0xfa, 0x0, 0x0, 0x7d, 0xfe,
    0xff, 0x63, 0xff, 0xff, 0xff, 0xff, 0xff, 0xfa,
    0x0, 0x0, 0x7, 0xfe, 0xff, 0x63, 0xff, 0xff,
    0xff, 0xff, 0xff, 0xfa, 0x0, 0x0, 0x7, 0xfe,
    0xff, 0x63, 0xff, 0xff, 0xff, 0xff, 0xff, 0xfa,
    0x0, 0x0, 0x8e, 0xfe, 0xff, 0x60, 0x0, 0x0,
    0x0, 0x0, 0x0, 0x0, 0x0, 0x0, 0xaf, 0xfe,
    0xff, 0xa6, 0x66, 0x66, 0x66, 0x66, 0x66, 0x66,
    0x66, 0x66, 0xcf, 0xd5, 0xef, 0xff, 0xff, 0xff,
    0xff, 0xff, 0xff, 0xff, 0xff, 0xff, 0xff, 0x70,
    0x5e, 0xff, 0xff, 0xff, 0xff, 0xff, 0xff, 0xff,
    0xff, 0xff, 0xfc, 0x10,

    /* U+F242 "" */
    0x3, 0x44, 0x44, 0x44, 0x44, 0x44, 0x44, 0x44,
    0x44, 0x44, 0x41, 0x0, 0x9f, 0xff, 0xff, 0xff,
    0xff, 0xff, 0xff, 0xff, 0xff, 0xff, 0xff, 0x30,
    0xff, 0xff, 0xff, 0xff, 0xff, 0xff, 0xff, 0xff,
    0xff, 0xff, 0xff, 0x80, 0xff, 0x71, 0x11, 0x11,
    0x11, 0x11, 0x11, 0x11, 0x11, 0x11, 0xaf, 0xf9,
    0xff, 0x64, 0xbb, 0xbb, 0xbb, 0xba, 0x0, 0x0,
    0x0, 0x0, 0xaf, 0xfe, 0xff, 0x66, 0xff, 0xff,
    0xff, 0xfe, 0x0, 0x0, 0x0, 0x0, 0x7d, 0xfe,
    0xff, 0x66, 0xff, 0xff, 0xff, 0xfe, 0x0, 0x0,
    0x0, 0x0, 0x7, 0xfe, 0xff, 0x66, 0xff, 0xff,
    0xff, 0xfe, 0x0, 0x0, 0x0, 0x0, 0x7, 0xfe,
    0xff, 0x66, 0xff, 0xff, 0xff, 0xfe, 0x0, 0x0,
    0x0, 0x0, 0x8e, 0xfe, 0xff, 0x60, 0x0, 0x0,
    0x0, 0x0, 0x0, 0x0, 0x0, 0x0, 0xaf, 0xfe,
    0xff, 0xa6, 0x66, 0x66, 0x66, 0x66, 0x66, 0x66,
    0x66, 0x66, 0xcf, 0xd5, 0xef, 0xff, 0xff, 0xff,
    0xff, 0xff, 0xff, 0xff, 0xff, 0xff, 0xff, 0x70,
    0x5e, 0xff, 0xff, 0xff, 0xff, 0xff, 0xff, 0xff,
    0xff, 0xff, 0xfc, 0x10,

    /* U+F243 "" */
    0x3, 0x44, 0x44, 0x44, 0x44, 0x44, 0x44, 0x44,
    0x44, 0x44, 0x41, 0x0, 0x9f, 0xff, 0xff, 0xff,
    0xff, 0xff, 0xff, 0xff, 0xff, 0xff, 0xff, 0x30,
    0xff, 0xff, 0xff, 0xff, 0xff, 0xff, 0xff, 0xff,
    0xff, 0xff, 0xff, 0x80, 0xff, 0x71, 0x11, 0x11,
    0x11, 0x11, 0x11, 0x11, 0x11, 0x11, 0xaf, 0xf9,
    0xff, 0x67, 0xbb, 0xbb, 0x10, 0x0, 0x0, 0x0,
    0x0, 0x0, 0xaf, 0xfe, 0xff, 0x6a, 0xff, 0xff,
    0x10, 0x0, 0x0, 0x0, 0x0, 0x0, 0x7d, 0xfe,
    0xff, 0x6a, 0xff, 0xff, 0x10, 0x0, 0x0, 0x0,
    0x0, 0x0, 0x7, 0xfe, 0xff, 0x6a, 0xff, 0xff,
    0x10, 0x0, 0x0, 0x0, 0x0, 0x0, 0x7, 0xfe,
    0xff, 0x6a, 0xff, 0xff, 0x10, 0x0, 0x0, 0x0,
    0x0, 0x0, 0x8e, 0xfe, 0xff, 0x60, 0x0, 0x0,
    0x0, 0x0, 0x0, 0x0, 0x0, 0x0, 0xaf, 0xfe,
    0xff, 0xa6, 0x66, 0x66, 0x66, 0x66, 0x66, 0x66,
    0x66, 0x66, 0xcf, 0xd5, 0xef, 0xff, 0xff, 0xff,
    0xff, 0xff, 0xff, 0xff, 0xff, 0xff, 0xff, 0x70,
    0x5e, 0xff, 0xff, 0xff, 0xff, 0xff, 0xff, 0xff,
    0xff, 0xff, 0xfc, 0x10,

    /* U+F244 "" */
    0x0, 0x11, 0x11, 0x11, 0x11, 0x11, 0x11, 0x11,
    0x11, 0x11, 0x0, 0x0, 0x6f, 0xff, 0xff, 0xff,
    0xff, 0xff, 0xff, 0xff, 0xff, 0xff, 0xfd, 0x20,
    0xff, 0xff, 0xff, 0xff, 0xff, 0xff, 0xff, 0xff,
    0xff, 0xff, 0xff, 0x80, 0xff, 0x95, 0x55, 0x55,
    0x55, 0x55, 0x55, 0x55, 0x55, 0x55, 0xcf, 0xd6,
    0xff, 0x60, 0x0, 0x0, 0x0, 0x0, 0x0, 0x0,
    0x0, 0x0, 0xaf, 0xfe, 0xff, 0x60, 0x0, 0x0,
    0x0, 0x0, 0x0, 0x0, 0x0, 0x0, 0x7d, 0xfe,
    0xff, 0x60, 0x0, 0x0, 0x0, 0x0, 0x0, 0x0,
    0x0, 0x0, 0x7, 0xfe, 0xff, 0x60, 0x0, 0x0,
    0x0, 0x0, 0x0, 0x0, 0x0, 0x0, 0x7, 0xfe,
    0xff, 0x60, 0x0, 0x0, 0x0, 0x0, 0x0, 0x0,
    0x0, 0x0, 0x8e, 0xfe, 0xff, 0x60, 0x0, 0x0,
    0x0, 0x0, 0x0, 0x0, 0x0, 0x0, 0xaf, 0xfe,
    0xff, 0xa6, 0x66, 0x66, 0x66, 0x66, 0x66, 0x66,
    0x66, 0x66, 0xcf, 0xd5, 0xef, 0xff, 0xff, 0xff,
    0xff, 0xff, 0xff, 0xff, 0xff, 0xff, 0xff, 0x70,
    0x5e, 0xff, 0xff, 0xff, 0xff, 0xff, 0xff, 0xff,
    0xff, 0xff, 0xfc, 0x10,

    /* U+F287 "" */
    0x0, 0x0, 0x0, 0x0, 0x0, 0x0, 0x1, 0x0,
    0x0, 0x0, 0x0, 0x0, 0x0, 0x0, 0x0, 0x0,
    0x0, 0x0, 0x8f, 0xf4, 0x0, 0x0, 0x0, 0x0,
    0x0, 0x0, 0x0, 0x0, 0x5, 0xcd, 0xff, 0xfc,
    0x0, 0x0, 0x0, 0x0, 0x0, 0x0, 0x0, 0x0,
    0x3f, 0xa8, 0xef, 0xfb, 0x0, 0x0, 0x0, 0x0,
    0x0, 0x0, 0x0, 0x0, 0xcb, 0x0, 0x3b, 0xa1,
    0x0, 0x0, 0x0, 0x0, 0x1a, 0xec, 0x30, 0x4,
    0xf2, 0x0, 0x0, 0x0, 0x0, 0x1, 0x70, 0x0,
    0xaf, 0xff, 0xe0, 0x1d, 0x90, 0x0, 0x0, 0x0,
    0x0, 0x3, 0xfd, 0x40, 0xff, 0xff, 0xff, 0xff,
    0xff, 0xff, 0xff, 0xff, 0xff, 0xff, 0xff, 0xf8,
    0xdf, 0xff, 0xf6, 0x55, 0x5a, 0xf7, 0x55, 0x55,
    0x55, 0x57, 0xff, 0xa1, 0x3e, 0xff, 0x70, 0x0,
    0x0, 0xe8, 0x0, 0x0, 0x0, 0x2, 0xd3, 0x0,
    0x1, 0x42, 0x0, 0x0, 0x0, 0x7f, 0x0, 0x0,
    0x0, 0x0, 0x0, 0x0, 0x0, 0x0, 0x0, 0x0,
    0x0, 0xe, 0x80, 0x6f, 0xff, 0x70, 0x0, 0x0,
    0x0, 0x0, 0x0, 0x0, 0x0, 0x5, 0xfa, 0xcf,
    0xff, 0x80, 0x0, 0x0, 0x0, 0x0, 0x0, 0x0,
    0x0, 0x0, 0x5a, 0xdf, 0xff, 0x80, 0x0, 0x0,
    0x0, 0x0, 0x0, 0x0, 0x0, 0x0, 0x0, 0x6f,
    0xff, 0x70, 0x0, 0x0, 0x0, 0x0, 0x0, 0x0,
    0x0, 0x0, 0x0, 0x0, 0x0, 0x0, 0x0, 0x0,

    /* U+F293 "" */
    0x0, 0x0, 0x5a, 0xcd, 0xc9, 0x40, 0x0, 0x0,
    0x2, 0xdf, 0xff, 0xef, 0xff, 0xa0, 0x0, 0x1,
    0xef, 0xff, 0xe3, 0xff, 0xff, 0xa0, 0x0, 0x9f,
    0xff, 0xfe, 0x5, 0xff, 0xff, 0x30, 0xf, 0xff,
    0xff, 0xe0, 0x6, 0xff, 0xf9, 0x5, 0xff, 0xea,
    0xfe, 0x9, 0x8, 0xff, 0xd0, 0x8f, 0xf7, 0xa,
    0xe0, 0xe7, 0xd, 0xff, 0xa, 0xff, 0xf5, 0x8,
    0x9, 0x8, 0xff, 0xf2, 0xbf, 0xff, 0xf5, 0x0,
    0x7, 0xff, 0xff, 0x3b, 0xff, 0xff, 0xf4, 0x4,
    0xff, 0xff, 0xf4, 0xbf, 0xff, 0xfd, 0x10, 0x1d,
    0xff, 0xff, 0x4a, 0xff, 0xfd, 0x11, 0x2, 0x1d,
    0xff, 0xf3, 0x9f, 0xfd, 0x12, 0xd0, 0xd3, 0x2e,
    0xff, 0x26, 0xff, 0x72, 0xef, 0xd, 0x41, 0xdf,
    0xf0, 0x3f, 0xff, 0xff, 0xf0, 0x30, 0xcf, 0xfc,
    0x0, 0xdf, 0xff, 0xff, 0x0, 0xcf, 0xff, 0x70,
    0x4, 0xff, 0xff, 0xf0, 0xbf, 0xff, 0xe0, 0x0,
    0x7, 0xff, 0xff, 0xbf, 0xff, 0xf4, 0x0, 0x0,
    0x3, 0xaf, 0xff, 0xff, 0xa3, 0x0, 0x0, 0x0,
    0x0, 0x1, 0x21, 0x0, 0x0, 0x0,

    /* U+F2ED "" */
    0x0, 0x0, 0x4, 0x99, 0x99, 0x91, 0x0, 0x0,
    0x5, 0x66, 0x66, 0xef, 0xff, 0xff, 0xa6, 0x66,
    0x62, 0xff, 0xff, 0xff, 0xff, 0xff, 0xff, 0xff,
    0xff, 0x9d, 0xff, 0xff, 0xff, 0xff, 0xff, 0xff,
    0xff, 0xf7, 0x0, 0x0, 0x0, 0x0, 0x0, 0x0,
    0x0, 0x0, 0x0, 0xcf, 0xff, 0xff, 0xff, 0xff,
    0xff, 0xff, 0x60, 0xd, 0xff, 0xff, 0xff, 0xff,
    0xff, 0xff, 0xf7, 0x0, 0xdf, 0xf9, 0xef, 0xe9,
    0xff, 0xad, 0xff, 0x70, 0xd, 0xff, 0x2a, 0xfb,
    0x1f, 0xf4, 0x8f, 0xf7, 0x0, 0xdf, 0xf2, 0xaf,
    0xb1, 0xff, 0x48, 0xff, 0x70, 0xd, 0xff, 0x2a,
    0xfb, 0x1f, 0xf4, 0x8f, 0xf7, 0x0, 0xdf, 0xf2,
    0xaf, 0xb1, 0xff, 0x48, 0xff, 0x70, 0xd, 0xff,
    0x2a, 0xfb, 0x1f, 0xf4, 0x8f, 0xf7, 0x0, 0xdf,
    0xf2, 0xaf, 0xb1, 0xff, 0x48, 0xff, 0x70, 0xd,
    0xff, 0x2a, 0xfb, 0x1f, 0xf4, 0x8f, 0xf7, 0x0,
    0xdf, 0xf2, 0xaf, 0xb1, 0xff, 0x48, 0xff, 0x70,
    0xd, 0xff, 0x4b, 0xfc, 0x3f, 0xf6, 0xaf, 0xf7,
    0x0, 0xcf, 0xff, 0xff, 0xff, 0xff, 0xff, 0xff,
    0x60, 0x8, 0xff, 0xff, 0xff, 0xff, 0xff, 0xff,
    0xf2, 0x0, 0x4, 0x66, 0x66, 0x66, 0x66, 0x66,
    0x52, 0x0,

    /* U+F304 "" */
    0x0, 0x0, 0x0, 0x0, 0x0, 0x0, 0x0, 0x8,
    0x80, 0x0, 0x0, 0x0, 0x0, 0x0, 0x0, 0x0,
    0x1, 0xcf, 0xfc, 0x10, 0x0, 0x0, 0x0, 0x0,
    0x0, 0x0, 0x1c, 0xff, 0xff, 0xc1, 0x0, 0x0,
    0x0, 0x0, 0x0, 0x0, 0x1d, 0xff, 0xff, 0xfb,
    0x0, 0x0, 0x0, 0x0, 0x0, 0x1c, 0x71, 0xdf,
    0xff, 0xff, 0x0, 0x0, 0x0, 0x0, 0x1, 0xcf,
    0xf7, 0x1d, 0xff, 0xf8, 0x0, 0x0, 0x0, 0x0,
    0x1c, 0xff, 0xff, 0x71, 0xdf, 0x90, 0x0, 0x0,
    0x0, 0x1, 0xcf, 0xff, 0xff, 0xf7, 0x17, 0x0,
    0x0, 0x0, 0x0, 0x1c, 0xff, 0xff, 0xff, 0xff,
    0x40, 0x0, 0x0, 0x0, 0x1, 0xcf, 0xff, 0xff,
    0xff, 0xf9, 0x0, 0x0, 0x0, 0x0, 0x1c, 0xff,
    0xff, 0xff, 0xff, 0x90, 0x0, 0x0, 0x0, 0x1,
    0xcf, 0xff, 0xff, 0xff, 0xf9, 0x0, 0x0, 0x0,
    0x0, 0x1c, 0xff, 0xff, 0xff, 0xff, 0x90, 0x0,
    0x0, 0x0, 0x1, 0xcf, 0xff, 0xff, 0xff, 0xf9,
    0x0, 0x0, 0x0, 0x0, 0x8, 0xff, 0xff, 0xff,
    0xff, 0x90, 0x0, 0x0, 0x0, 0x0, 0xa, 0xff,
    0xff, 0xff, 0xf9, 0x0, 0x0, 0x0, 0x0, 0x0,
    0xc, 0xff, 0xff, 0xff, 0x90, 0x0, 0x0, 0x0,
    0x0, 0x0, 0xe, 0xff, 0xff, 0xf9, 0x0, 0x0,
    0x0, 0x0, 0x0, 0x0, 0xf, 0xff, 0xff, 0x90,
    0x0, 0x0, 0x0, 0x0, 0x0, 0x0, 0x3, 0x53,
    0x10, 0x0, 0x0, 0x0, 0x0, 0x0, 0x0, 0x0,

    /* U+F55A "" */
    0x0, 0x0, 0x0, 0x3, 0x44, 0x44, 0x44, 0x44,
    0x44, 0x44, 0x43, 0x0, 0x0, 0x0, 0x2, 0xef,
    0xff, 0xff, 0xff, 0xff, 0xff, 0xff, 0xff, 0xe2,
    0x0, 0x0, 0x3e, 0xff, 0xff, 0xff, 0xff, 0xff,
    0xff, 0xff, 0xff, 0xf9, 0x0, 0x3, 0xef, 0xff,
    0xff, 0xfd, 0xff, 0xff, 0xee, 0xff, 0xff, 0xfb,
    0x0, 0x3e, 0xff, 0xff, 0xff, 0x80, 0x7f, 0xfd,
    0x12, 0xef, 0xff, 0xfc, 0x3, 0xef, 0xff, 0xff,
    0xff, 0x40, 0x7, 0xd1, 0x0, 0xcf, 0xff, 0xfc,
    0x3f, 0xff, 0xff, 0xff, 0xff, 0xf3, 0x0, 0x0,
    0xa, 0xff, 0xff, 0xfc, 0xef, 0xff, 0xff, 0xff,
    0xff, 0xff, 0x30, 0x0, 0xaf, 0xff, 0xff, 0xfc,
    0xcf, 0xff, 0xff, 0xff, 0xff, 0xfd, 0x10, 0x0,
    0x7f, 0xff, 0xff, 0xfc, 0x1d, 0xff, 0xff, 0xff,
    0xff, 0xd1, 0x0, 0x20, 0x7, 0xff, 0xff, 0xfc,
    0x1, 0xdf, 0xff, 0xff, 0xff, 0x30, 0xa, 0xf3,
    0x0, 0xbf, 0xff, 0xfc, 0x0, 0x1c, 0xff, 0xff,
    0xff, 0xb1, 0xaf, 0xff, 0x44, 0xff, 0xff, 0xfc,
    0x0, 0x1, 0xcf, 0xff, 0xff, 0xff, 0xff, 0xff,
    0xff, 0xff, 0xff, 0xfb, 0x0, 0x0, 0x1c, 0xff,
    0xff, 0xff, 0xff, 0xff, 0xff, 0xff, 0xff, 0xf8,
    0x0, 0x0, 0x1, 0xaf, 0xff, 0xff, 0xff, 0xff,
    0xff, 0xff, 0xff, 0xa0,

    /* U+F7C2 "" */
    0x0, 0x0, 0x36, 0x66, 0x66, 0x66, 0x40, 0x0,
    0x0, 0x4f, 0xff, 0xff, 0xff, 0xff, 0xa0, 0x0,
    0x5f, 0xff, 0xff, 0xff, 0xff, 0xff, 0x20, 0x5f,
    0xf2, 0x1f, 0x21, 0xf1, 0x2f, 0xf4, 0x6f, 0xff,
    0x21, 0xf2, 0x1f, 0x12, 0xff, 0x4f, 0xff, 0xf2,
    0x1f, 0x21, 0xf1, 0x2f, 0xf4, 0xff, 0xff, 0xee,
    0xfe, 0xef, 0xee, 0xff, 0x4f, 0xff, 0xff, 0xff,
    0xff, 0xff, 0xff, 0xf4, 0xff, 0xff, 0xff, 0xff,
    0xff, 0xff, 0xff, 0x4f, 0xff, 0xff, 0xff, 0xff,
    0xff, 0xff, 0xf4, 0xff, 0xff, 0xff, 0xff, 0xff,
    0xff, 0xff, 0x4f, 0xff, 0xff, 0xff, 0xff, 0xff,
    0xff, 0xf4, 0xff, 0xff, 0xff, 0xff, 0xff, 0xff,
    0xff, 0x4f, 0xff, 0xff, 0xff, 0xff, 0xff, 0xff,
    0xf4, 0xff, 0xff, 0xff, 0xff, 0xff, 0xff, 0xff,
    0x4f, 0xff, 0xff, 0xff, 0xff, 0xff, 0xff, 0xf4,
    0xff, 0xff, 0xff, 0xff, 0xff, 0xff, 0xff, 0x3d,
    0xff, 0xff, 0xff, 0xff, 0xff, 0xff, 0xf1, 0x3e,
    0xff, 0xff, 0xff, 0xff, 0xff, 0xf6, 0x0, 0x2,
    0x22, 0x22, 0x22, 0x22, 0x20, 0x0,

    /* U+F8A2 "" */
    0x0, 0x0, 0x0, 0x0, 0x0, 0x0, 0x0, 0x0,
    0x1, 0xb0, 0x0, 0x0, 0x0, 0x0, 0x0, 0x0,
    0x0, 0x0, 0x1c, 0xf1, 0x0, 0x0, 0x34, 0x0,
    0x0, 0x0, 0x0, 0x0, 0xbf, 0xf1, 0x0, 0x4,
    0xff, 0x0, 0x0, 0x0, 0x0, 0x0, 0xef, 0xf1,
    0x0, 0x5f, 0xff, 0x0, 0x0, 0x0, 0x0, 0x0,
    0xef, 0xf1, 0x6, 0xff, 0xff, 0x33, 0x33, 0x33,
    0x33, 0x33, 0xef, 0xf1, 0x7f, 0xff, 0xff, 0xff,
    0xff, 0xff, 0xff, 0xff, 0xff, 0xf1, 0xdf, 0xff,
    0xff, 0xff, 0xff, 0xff, 0xff, 0xff, 0xff, 0xf1,
    0x2e, 0xff, 0xff, 0xcc, 0xcc, 0xcc, 0xcc, 0xcc,
    0xcc, 0x90, 0x1, 0xdf, 0xff, 0x0, 0x0, 0x0,
    0x0, 0x0, 0x0, 0x0, 0x0, 0x1c, 0xff, 0x0,
    0x0, 0x0, 0x0, 0x0, 0x0, 0x0, 0x0, 0x0,
    0xbd, 0x0, 0x0, 0x0, 0x0, 0x0, 0x0, 0x0,
    0x0, 0x0, 0x0, 0x0, 0x0, 0x0, 0x0, 0x0,
    0x0, 0x0
};


/*---------------------
 *  GLYPH DESCRIPTION
 *--------------------*/

static const lv_font_fmt_txt_glyph_dsc_t glyph_dsc[] = {
    {.bitmap_index = 0, .adv_w = 0, .box_w = 0, .box_h = 0, .ofs_x = 0, .ofs_y = 0} /* id = 0 reserved */,
    {.bitmap_index = 0, .adv_w = 63, .box_w = 0, .box_h = 0, .ofs_x = 0, .ofs_y = 0},
    {.bitmap_index = 0, .adv_w = 79, .box_w = 3, .box_h = 13, .ofs_x = 1, .ofs_y = 0},
    {.bitmap_index = 20, .adv_w = 122, .box_w = 6, .box_h = 5, .ofs_x = 1, .ofs_y = 8},
    {.bitmap_index = 35, .adv_w = 195, .box_w = 12, .box_h = 13, .ofs_x = 0, .ofs_y = 0},
    {.bitmap_index = 113, .adv_w = 179, .box_w = 9, .box_h = 17, .ofs_x = 1, .ofs_y = -2},
    {.bitmap_index = 190, .adv_w = 201, .box_w = 12, .box_h = 13, .ofs_x = 0, .ofs_y = 0},
    {.bitmap_index = 268, .adv_w = 200, .box_w = 12, .box_h = 13, .ofs_x = 1, .ofs_y = 0},
    {.bitmap_index = 346, .adv_w = 72, .box_w = 3, .box_h = 5, .ofs_x = 1, .ofs_y = 8},
    {.bitmap_index = 354, .adv_w = 92, .box_w = 6, .box_h = 17, .ofs_x = 0, .ofs_y = -3},
    {.bitmap_index = 405, .adv_w = 92, .box_w = 5, .box_h = 17, .ofs_x = 0, .ofs_y = -3},
    {.bitmap_index = 448, .adv_w = 149, .box_w = 9, .box_h = 8, .ofs_x = 0, .ofs_y = 6},
    {.bitmap_index = 484, .adv_w = 165, .box_w = 9, .box_h = 9, .ofs_x = 1, .ofs_y = 2},
    {.bitmap_index = 525, .adv_w = 84, .box_w = 4, .box_h = 5, .ofs_x = 1, .ofs_y = -3},
    {.bitmap_index = 535, .adv_w = 140, .box_w = 7, .box_h = 2, .ofs_x = 1, .ofs_y = 4},
    {.bitmap_index = 542, .adv_w = 88, .box_w = 3, .box_h = 3, .ofs_x = 1, .ofs_y = 0},
    {.bitmap_index = 547, .adv_w = 119, .box_w = 8, .box_h = 15, .ofs_x = 0, .ofs_y = -1},
    {.bitmap_index = 607, .adv_w = 199, .box_w = 12, .box_h = 13, .ofs_x = 0, .ofs_y = 0},
    {.bitmap_index = 685, .adv_w = 105, .box_w = 6, .box_h = 13, .ofs_x = 0, .ofs_y = 0},
    {.bitmap_index = 724, .adv_w = 164, .box_w = 10, .box_h = 13, .ofs_x = 0, .ofs_y = 0},
    {.bitmap_index = 789, .adv_w = 164, .box_w = 10, .box_h = 13, .ofs_x = 0, .ofs_y = 0},
    {.bitmap_index = 854, .adv_w = 182, .box_w = 11, .box_h = 13, .ofs_x = 0, .ofs_y = 0},
    {.bitmap_index = 926, .adv_w = 164, .box_w = 10, .box_h = 13, .ofs_x = 0, .ofs_y = 0},
    {.bitmap_index = 991, .adv_w = 171, .box_w = 10, .box_h = 13, .ofs_x = 0, .ofs_y = 0},
    {.bitmap_index = 1056, .adv_w = 160, .box_w = 10, .box_h = 13, .ofs_x = 0, .ofs_y = 0},
    {.bitmap_index = 1121, .adv_w = 167, .box_w = 10, .box_h = 13, .ofs_x = 0, .ofs_y = 0},
    {.bitmap_index = 1186, .adv_w = 171, .box_w = 10, .box_h = 13, .ofs_x = 0, .ofs_y = 0},
    {.bitmap_index = 1251, .adv_w = 82, .box_w = 3, .box_h = 9, .ofs_x = 1, .ofs_y = 0},
    {.bitmap_index = 1265, .adv_w = 82, .box_w = 3, .box_h = 12, .ofs_x = 1, .ofs_y = -3},
    {.bitmap_index = 1283, .adv_w = 165, .box_w = 9, .box_h = 9, .ofs_x = 1, .ofs_y = 2},
    {.bitmap_index = 1324, .adv_w = 165, .box_w = 9, .box_h = 6, .ofs_x = 1, .ofs_y = 3},
    {.bitmap_index = 1351, .adv_w = 165, .box_w = 9, .box_h = 9, .ofs_x = 1, .ofs_y = 2},
    {.bitmap_index = 1392, .adv_w = 154, .box_w = 9, .box_h = 14, .ofs_x = 0, .ofs_y = 0},
    {.bitmap_index = 1455, .adv_w = 228, .box_w = 13, .box_h = 14, .ofs_x = 1, .ofs_y = -2},
    {.bitmap_index = 1546, .adv_w = 212, .box_w = 13, .box_h = 13, .ofs_x = 0, .ofs_y = 0},
    {.bitmap_index = 1631, .adv_w = 189, .box_w = 10, .box_h = 13, .ofs_x = 1, .ofs_y = 0},
    {.bitmap_index = 1696, .adv_w = 209, .box_w = 13, .box_h = 13, .ofs_x = 0, .ofs_y = 0},
    {.bitmap_index = 1781, .adv_w = 225, .box_w = 13, .box_h = 13, .ofs_x = 1, .ofs_y = 0},
    {.bitmap_index = 1866, .adv_w = 179, .box_w = 10, .box_h = 13, .ofs_x = 1, .ofs_y = 0},
    {.bitmap_index = 1931, .adv_w = 172, .box_w = 9, .box_h = 13, .ofs_x = 1, .ofs_y = 0},
    {.bitmap_index = 1990, .adv_w = 235, .box_w = 14, .box_h = 13, .ofs_x = 0, .ofs_y = 0},
    {.bitmap_index = 2081, .adv_w = 215, .box_w = 11, .box_h = 13, .ofs_x = 1, .ofs_y = 0},
    {.bitmap_index = 2153, .adv_w = 78, .box_w = 3, .box_h = 13, .ofs_x = 1, .ofs_y = 0},
    {.bitmap_index = 2173, .adv_w = 150, .box_w = 8, .box_h = 13, .ofs_x = 0, .ofs_y = 0},
    {.bitmap_index = 2225, .adv_w = 202, .box_w = 12, .box_h = 13, .ofs_x = 1, .ofs_y = 0},
    {.bitmap_index = 2303, .adv_w = 168, .box_w = 9, .box_h = 13, .ofs_x = 1, .ofs_y = 0},
    {.bitmap_index = 2362, .adv_w = 255, .box_w = 14, .box_h = 13, .ofs_x = 1, .ofs_y = 0},
    {.bitmap_index = 2453, .adv_w = 216, .box_w = 11, .box_h = 13, .ofs_x = 1, .ofs_y = 0},
    {.bitmap_index = 2525, .adv_w = 241, .box_w = 15, .box_h = 13, .ofs_x = 0, .ofs_y = 0},
    {.bitmap_index = 2623, .adv_w = 184, .box_w = 10, .box_h = 13, .ofs_x = 1, .ofs_y = 0},
    {.bitmap_index = 2688, .adv_w = 248, .box_w = 16, .box_h = 14, .ofs_x = 0, .ofs_y = -1},
    {.bitmap_index = 2800, .adv_w = 192, .box_w = 11, .box_h = 13, .ofs_x = 1, .ofs_y = 0},
    {.bitmap_index = 2872, .adv_w = 169, .box_w = 10, .box_h = 13, .ofs_x = 0, .ofs_y = 0},
    {.bitmap_index = 2937, .adv_w = 190, .box_w = 12, .box_h = 13, .ofs_x = 0, .ofs_y = 0},
    {.bitmap_index = 3015, .adv_w = 208, .box_w = 11, .box_h = 13, .ofs_x = 1, .ofs_y = 0},
    {.bitmap_index = 3087, .adv_w = 209, .box_w = 13, .box_h = 13, .ofs_x = 0, .ofs_y = 0},
    {.bitmap_index = 3172, .adv_w = 298, .box_w = 19, .box_h = 13, .ofs_x = 0, .ofs_y = 0},
    {.bitmap_index = 3296, .adv_w = 210, .box_w = 13, .box_h = 13, .ofs_x = 0, .ofs_y = 0},
    {.bitmap_index = 3381, .adv_w = 202, .box_w = 13, .box_h = 13, .ofs_x = 0, .ofs_y = 0},
    {.bitmap_index = 3466, .adv_w = 177, .box_w = 11, .box_h = 13, .ofs_x = 0, .ofs_y = 0},
    {.bitmap_index = 3538, .adv_w = 103, .box_w = 5, .box_h = 16, .ofs_x = 1, .ofs_y = -3},
    {.bitmap_index = 3578, .adv_w = 119, .box_w = 8, .box_h = 15, .ofs_x = 0, .ofs_y = -1},
    {.bitmap_index = 3638, .adv_w = 103, .box_w = 5, .box_h = 16, .ofs_x = 0, .ofs_y = -3},
    {.bitmap_index = 3678, .adv_w = 138, .box_w = 7, .box_h = 5, .ofs_x = 1, .ofs_y = 8},
    {.bitmap_index = 3696, .adv_w = 154, .box_w = 10, .box_h = 3, .ofs_x = 0, .ofs_y = -3},
    {.bitmap_index = 3711, .adv_w = 85, .box_w = 5, .box_h = 4, .ofs_x = 0, .ofs_y = 10},
    {.bitmap_index = 3721, .adv_w = 177, .box_w = 10, .box_h = 9, .ofs_x = 0, .ofs_y = 0},
    {.bitmap_index = 3766, .adv_w = 177, .box_w = 10, .box_h = 13, .ofs_x = 1, .ofs_y = 0},
    {.bitmap_index = 3831, .adv_w = 149, .box_w = 9, .box_h = 9, .ofs_x = 0, .ofs_y = 0},
    {.bitmap_index = 3872, .adv_w = 177, .box_w = 10, .box_h = 13, .ofs_x = 0, .ofs_y = 0},
    {.bitmap_index = 3937, .adv_w = 163, .box_w = 10, .box_h = 9, .ofs_x = 0, .ofs_y = 0},
    {.bitmap_index = 3982, .adv_w = 121, .box_w = 9, .box_h = 14, .ofs_x = 0, .ofs_y = 0},
    {.bitmap_index = 4045, .adv_w = 176, .box_w = 10, .box_h = 13, .ofs_x = 0, .ofs_y = -4},
    {.bitmap_index = 4110, .adv_w = 167, .box_w = 9, .box_h = 13, .ofs_x = 1, .ofs_y = 0},
    {.bitmap_index = 4169, .adv_w = 68, .box_w = 3, .box_h = 13, .ofs_x = 1, .ofs_y = 0},
    {.bitmap_index = 4189, .adv_w = 70, .box_w = 7, .box_h = 17, .ofs_x = -3, .ofs_y = -4},
    {.bitmap_index = 4249, .adv_w = 151, .box_w = 9, .box_h = 13, .ofs_x = 1, .ofs_y = 0},
    {.bitmap_index = 4308, .adv_w = 67, .box_w = 2, .box_h = 13, .ofs_x = 1, .ofs_y = 0},
    {.bitmap_index = 4321, .adv_w = 260, .box_w = 15, .box_h = 9, .ofs_x = 1, .ofs_y = 0},
    {.bitmap_index = 4389, .adv_w = 167, .box_w = 9, .box_h = 9, .ofs_x = 1, .ofs_y = 0},
    {.bitmap_index = 4430, .adv_w = 172, .box_w = 11, .box_h = 9, .ofs_x = 0, .ofs_y = 0},
    {.bitmap_index = 4480, .adv_w = 177, .box_w = 10, .box_h = 13, .ofs_x = 1, .ofs_y = -4},
    {.bitmap_index = 4545, .adv_w = 177, .box_w = 10, .box_h = 13, .ofs_x = 0, .ofs_y = -4},
    {.bitmap_index = 4610, .adv_w = 127, .box_w = 7, .box_h = 9, .ofs_x = 1, .ofs_y = 0},
    {.bitmap_index = 4642, .adv_w = 130, .box_w = 8, .box_h = 9, .ofs_x = 0, .ofs_y = 0},
    {.bitmap_index = 4678, .adv_w = 112, .box_w = 7, .box_h = 13, .ofs_x = 0, .ofs_y = 0},
    {.bitmap_index = 4724, .adv_w = 157, .box_w = 8, .box_h = 9, .ofs_x = 1, .ofs_y = 0},
    {.bitmap_index = 4760, .adv_w = 155, .box_w = 10, .box_h = 9, .ofs_x = 0, .ofs_y = 0},
    {.bitmap_index = 4805, .adv_w = 228, .box_w = 14, .box_h = 9, .ofs_x = 0, .ofs_y = 0},
    {.bitmap_index = 4868, .adv_w = 153, .box_w = 10, .box_h = 9, .ofs_x = 0, .ofs_y = 0},
    {.bitmap_index = 4913, .adv_w = 156, .box_w = 10, .box_h = 13, .ofs_x = 0, .ofs_y = -4},
    {.bitmap_index = 4978, .adv_w = 136, .box_w = 8, .box_h = 9, .ofs_x = 0, .ofs_y = 0},
    {.bitmap_index = 5014, .adv_w = 98, .box_w = 6, .box_h = 16, .ofs_x = 0, .ofs_y = -3},
    {.bitmap_index = 5062, .adv_w = 85, .box_w = 3, .box_h = 17, .ofs_x = 1, .ofs_y = -2},
    {.bitmap_index = 5088, .adv_w = 98, .box_w = 6, .box_h = 16, .ofs_x = 0, .ofs_y = -3},
    {.bitmap_index = 5136, .adv_w = 165, .box_w = 9, .box_h = 3, .ofs_x = 1, .ofs_y = 5},
    {.bitmap_index = 5150, .adv_w = 63, .box_w = 0, .box_h = 0, .ofs_x = 0, .ofs_y = 0},
    {.bitmap_index = 5150, .adv_w = 81, .box_w = 3, .box_h = 13, .ofs_x = 1, .ofs_y = -4},
    {.bitmap_index = 5170, .adv_w = 158, .box_w = 10, .box_h = 13, .ofs_x = 0, .ofs_y = 0},
    {.bitmap_index = 5235, .adv_w = 188, .box_w = 10, .box_h = 13, .ofs_x = 1, .ofs_y = 0},
    {.bitmap_index = 5300, .adv_w = 171, .box_w = 9, .box_h = 10, .ofs_x = 1, .ofs_y = 2},
    {.bitmap_index = 5345, .adv_w = 196, .box_w = 11, .box_h = 13, .ofs_x = 1, .ofs_y = 0},
    {.bitmap_index = 5417, .adv_w = 85, .box_w = 3, .box_h = 17, .ofs_x = 1, .ofs_y = -2},
    {.bitmap_index = 5443, .adv_w = 157, .box_w = 8, .box_h = 16, .ofs_x = 1, .ofs_y = -3},
    {.bitmap_index = 5507, .adv_w = 132, .box_w = 7, .box_h = 3, .ofs_x = 1, .ofs_y = 10},
    {.bitmap_index = 5518, .adv_w = 253, .box_w = 14, .box_h = 13, .ofs_x = 1, .ofs_y = 0},
    {.bitmap_index = 5609, .adv_w = 108, .box_w = 7, .box_h = 6, .ofs_x = 0, .ofs_y = 7},
    {.bitmap_index = 5630, .adv_w = 139, .box_w = 9, .box_h = 6, .ofs_x = 0, .ofs_y = 2},
    {.bitmap_index = 5657, .adv_w = 165, .box_w = 9, .box_h = 5, .ofs_x = 1, .ofs_y = 3},
    {.bitmap_index = 5680, .adv_w = 173, .box_w = 9, .box_h = 9, .ofs_x = 1, .ofs_y = 5},
    {.bitmap_index = 5721, .adv_w = 134, .box_w = 8, .box_h = 3, .ofs_x = 0, .ofs_y = 10},
    {.bitmap_index = 5733, .adv_w = 120, .box_w = 7, .box_h = 7, .ofs_x = 0, .ofs_y = 7},
    {.bitmap_index = 5758, .adv_w = 165, .box_w = 9, .box_h = 9, .ofs_x = 1, .ofs_y = 2},
    {.bitmap_index = 5799, .adv_w = 102, .box_w = 6, .box_h = 6, .ofs_x = 0, .ofs_y = 7},
    {.bitmap_index = 5817, .adv_w = 102, .box_w = 6, .box_h = 6, .ofs_x = 0, .ofs_y = 7},
    {.bitmap_index = 5835, .adv_w = 85, .box_w = 5, .box_h = 4, .ofs_x = 0, .ofs_y = 10},
    {.bitmap_index = 5845, .adv_w = 176, .box_w = 9, .box_h = 13, .ofs_x = 1, .ofs_y = -4},
    {.bitmap_index = 5904, .adv_w = 215, .box_w = 12, .box_h = 15, .ofs_x = 1, .ofs_y = -2},
    {.bitmap_index = 5994, .adv_w = 40, .box_w = 3, .box_h = 3, .ofs_x = 0, .ofs_y = 6},
    {.bitmap_index = 5999, .adv_w = 82, .box_w = 5, .box_h = 5, .ofs_x = 0, .ofs_y = -5},
    {.bitmap_index = 6012, .adv_w = 79, .box_w = 4, .box_h = 6, .ofs_x = 0, .ofs_y = 7},
    {.bitmap_index = 6024, .adv_w = 105, .box_w = 7, .box_h = 6, .ofs_x = 0, .ofs_y = 7},
    {.bitmap_index = 6045, .adv_w = 139, .box_w = 8, .box_h = 6, .ofs_x = 0, .ofs_y = 2},
    {.bitmap_index = 6069, .adv_w = 206, .box_w = 13, .box_h = 15, .ofs_x = 0, .ofs_y = -1},
    {.bitmap_index = 6167, .adv_w = 204, .box_w = 12, .box_h = 15, .ofs_x = 0, .ofs_y = -1},
    {.bitmap_index = 6257, .adv_w = 204, .box_w = 13, .box_h = 15, .ofs_x = 0, .ofs_y = -1},
    {.bitmap_index = 6355, .adv_w = 149, .box_w = 9, .box_h = 13, .ofs_x = 0, .ofs_y = -4},
    {.bitmap_index = 6414, .adv_w = 212, .box_w = 13, .box_h = 18, .ofs_x = 0, .ofs_y = 0},
    {.bitmap_index = 6531, .adv_w = 212, .box_w = 13, .box_h = 19, .ofs_x = 0, .ofs_y = 0},
    {.bitmap_index = 6655, .adv_w = 212, .box_w = 13, .box_h = 18, .ofs_x = 0, .ofs_y = 0},
    {.bitmap_index = 6772, .adv_w = 212, .box_w = 13, .box_h = 17, .ofs_x = 0, .ofs_y = 0},
    {.bitmap_index = 6883, .adv_w = 212, .box_w = 13, .box_h = 17, .ofs_x = 0, .ofs_y = 0},
    {.bitmap_index = 6994, .adv_w = 212, .box_w = 13, .box_h = 17, .ofs_x = 0, .ofs_y = 0},
    {.bitmap_index = 7105, .adv_w = 296, .box_w = 18, .box_h = 13, .ofs_x = 0, .ofs_y = 0},
    {.bitmap_index = 7222, .adv_w = 209, .box_w = 13, .box_h = 17, .ofs_x = 0, .ofs_y = -4},
    {.bitmap_index = 7333, .adv_w = 179, .box_w = 10, .box_h = 18, .ofs_x = 1, .ofs_y = 0},
    {.bitmap_index = 7423, .adv_w = 179, .box_w = 10, .box_h = 19, .ofs_x = 1, .ofs_y = 0},
    {.bitmap_index = 7518, .adv_w = 179, .box_w = 10, .box_h = 18, .ofs_x = 1, .ofs_y = 0},
    {.bitmap_index = 7608, .adv_w = 179, .box_w = 10, .box_h = 17, .ofs_x = 1, .ofs_y = 0},
    {.bitmap_index = 7693, .adv_w = 78, .box_w = 4, .box_h = 18, .ofs_x = 0, .ofs_y = 0},
    {.bitmap_index = 7729, .adv_w = 78, .box_w = 5, .box_h = 19, .ofs_x = 0, .ofs_y = 0},
    {.bitmap_index = 7777, .adv_w = 78, .box_w = 7, .box_h = 18, .ofs_x = -1, .ofs_y = 0},
    {.bitmap_index = 7840, .adv_w = 78, .box_w = 7, .box_h = 17, .ofs_x = -1, .ofs_y = 0},
    {.bitmap_index = 7900, .adv_w = 230, .box_w = 14, .box_h = 13, .ofs_x = 0, .ofs_y = 0},
    {.bitmap_index = 7991, .adv_w = 216, .box_w = 11, .box_h = 17, .ofs_x = 1, .ofs_y = 0},
    {.bitmap_index = 8085, .adv_w = 241, .box_w = 15, .box_h = 18, .ofs_x = 0, .ofs_y = 0},
    {.bitmap_index = 8220, .adv_w = 241, .box_w = 15, .box_h = 18, .ofs_x = 0, .ofs_y = 0},
    {.bitmap_index = 8355, .adv_w = 241, .box_w = 15, .box_h = 18, .ofs_x = 0, .ofs_y = 0},
    {.bitmap_index = 8490, .adv_w = 241, .box_w = 15, .box_h = 18, .ofs_x = 0, .ofs_y = 0},
    {.bitmap_index = 8625, .adv_w = 241, .box_w = 15, .box_h = 17, .ofs_x = 0, .ofs_y = 0},
    {.bitmap_index = 8753, .adv_w = 165, .box_w = 9, .box_h = 9, .ofs_x = 1, .ofs_y = 2},
    {.bitmap_index = 8794, .adv_w = 241, .box_w = 15, .box_h = 13, .ofs_x = 0, .ofs_y = 0},
    {.bitmap_index = 8892, .adv_w = 208, .box_w = 11, .box_h = 18, .ofs_x = 1, .ofs_y = 0},
    {.bitmap_index = 8991, .adv_w = 208, .box_w = 11, .box_h = 19, .ofs_x = 1, .ofs_y = 0},
    {.bitmap_index = 9096, .adv_w = 208, .box_w = 11, .box_h = 18, .ofs_x = 1, .ofs_y = 0},
    {.bitmap_index = 9195, .adv_w = 208, .box_w = 11, .box_h = 17, .ofs_x = 1, .ofs_y = 0},
    {.bitmap_index = 9289, .adv_w = 202, .box_w = 13, .box_h = 19, .ofs_x = 0, .ofs_y = 0},
    {.bitmap_index = 9413, .adv_w = 184, .box_w = 10, .box_h = 13, .ofs_x = 1, .ofs_y = 0},
    {.bitmap_index = 9478, .adv_w = 174, .box_w = 10, .box_h = 14, .ofs_x = 1, .ofs_y = 0},
    {.bitmap_index = 9548, .adv_w = 177, .box_w = 10, .box_h = 14, .ofs_x = 0, .ofs_y = 0},
    {.bitmap_index = 9618, .adv_w = 177, .box_w = 10, .box_h = 14, .ofs_x = 0, .ofs_y = 0},
    {.bitmap_index = 9688, .adv_w = 177, .box_w = 10, .box_h = 14, .ofs_x = 0, .ofs_y = 0},
    {.bitmap_index = 9758, .adv_w = 177, .box_w = 10, .box_h = 13, .ofs_x = 0, .ofs_y = 0},
    {.bitmap_index = 9823, .adv_w = 177, .box_w = 10, .box_h = 13, .ofs_x = 0, .ofs_y = 0},
    {.bitmap_index = 9888, .adv_w = 177, .box_w = 10, .box_h = 14, .ofs_x = 0, .ofs_y = 0},
    {.bitmap_index = 9958, .adv_w = 284, .box_w = 18, .box_h = 9, .ofs_x = 0, .ofs_y = 0},
    {.bitmap_index = 10039, .adv_w = 149, .box_w = 9, .box_h = 13, .ofs_x = 0, .ofs_y = -4},
    {.bitmap_index = 10098, .adv_w = 163, .box_w = 10, .box_h = 14, .ofs_x = 0, .ofs_y = 0},
    {.bitmap_index = 10168, .adv_w = 163, .box_w = 10, .box_h = 14, .ofs_x = 0, .ofs_y = 0},
    {.bitmap_index = 10238, .adv_w = 163, .box_w = 10, .box_h = 14, .ofs_x = 0, .ofs_y = 0},
    {.bitmap_index = 10308, .adv_w = 163, .box_w = 10, .box_h = 13, .ofs_x = 0, .ofs_y = 0},
    {.bitmap_index = 10373, .adv_w = 67, .box_w = 5, .box_h = 14, .ofs_x = -1, .ofs_y = 0},
    {.bitmap_index = 10408, .adv_w = 67, .box_w = 5, .box_h = 15, .ofs_x = 0, .ofs_y = 0},
    {.bitmap_index = 10446, .adv_w = 67, .box_w = 8, .box_h = 14, .ofs_x = -2, .ofs_y = 0},
    {.bitmap_index = 10502, .adv_w = 67, .box_w = 7, .box_h = 13, .ofs_x = -1, .ofs_y = 0},
    {.bitmap_index = 10548, .adv_w = 171, .box_w = 10, .box_h = 13, .ofs_x = 0, .ofs_y = 0},
    {.bitmap_index = 10613, .adv_w = 167, .box_w = 9, .box_h = 13, .ofs_x = 1, .ofs_y = 0},
    {.bitmap_index = 10672, .adv_w = 172, .box_w = 11, .box_h = 14, .ofs_x = 0, .ofs_y = 0},
    {.bitmap_index = 10749, .adv_w = 172, .box_w = 11, .box_h = 14, .ofs_x = 0, .ofs_y = 0},
    {.bitmap_index = 10826, .adv_w = 172, .box_w = 11, .box_h = 14, .ofs_x = 0, .ofs_y = 0},
    {.bitmap_index = 10903, .adv_w = 172, .box_w = 11, .box_h = 13, .ofs_x = 0, .ofs_y = 0},
    {.bitmap_index = 10975, .adv_w = 172, .box_w = 11, .box_h = 13, .ofs_x = 0, .ofs_y = 0},
    {.bitmap_index = 11047, .adv_w = 165, .box_w = 9, .box_h = 9, .ofs_x = 1, .ofs_y = 2},
    {.bitmap_index = 11088, .adv_w = 172, .box_w = 11, .box_h = 11, .ofs_x = 0, .ofs_y = -1},
    {.bitmap_index = 11149, .adv_w = 157, .box_w = 8, .box_h = 14, .ofs_x = 1, .ofs_y = 0},
    {.bitmap_index = 11205, .adv_w = 157, .box_w = 8, .box_h = 15, .ofs_x = 1, .ofs_y = 0},
    {.bitmap_index = 11265, .adv_w = 157, .box_w = 8, .box_h = 14, .ofs_x = 1, .ofs_y = 0},
    {.bitmap_index = 11321, .adv_w = 157, .box_w = 8, .box_h = 13, .ofs_x = 1, .ofs_y = 0},
    {.bitmap_index = 11373, .adv_w = 156, .box_w = 10, .box_h = 19, .ofs_x = 0, .ofs_y = -4},
    {.bitmap_index = 11468, .adv_w = 177, .box_w = 10, .box_h = 17, .ofs_x = 1, .ofs_y = -4},
    {.bitmap_index = 11553, .adv_w = 156, .box_w = 10, .box_h = 17, .ofs_x = 0, .ofs_y = -4},
    {.bitmap_index = 11638, .adv_w = 167, .box_w = 9, .box_h = 3, .ofs_x = 1, .ofs_y = 3},
    {.bitmap_index = 11652, .adv_w = 259, .box_w = 14, .box_h = 3, .ofs_x = 1, .ofs_y = 3},
    {.bitmap_index = 11673, .adv_w = 75, .box_w = 4, .box_h = 5, .ofs_x = 0, .ofs_y = 9},
    {.bitmap_index = 11683, .adv_w = 76, .box_w = 3, .box_h = 5, .ofs_x = 1, .ofs_y = 8},
    {.bitmap_index = 11691, .adv_w = 131, .box_w = 8, .box_h = 5, .ofs_x = 0, .ofs_y = 9},
    {.bitmap_index = 11711, .adv_w = 132, .box_w = 7, .box_h = 5, .ofs_x = 1, .ofs_y = 8},
    {.bitmap_index = 11729, .adv_w = 100, .box_w = 4, .box_h = 4, .ofs_x = 1, .ofs_y = 5},
    {.bitmap_index = 11737, .adv_w = 228, .box_w = 12, .box_h = 3, .ofs_x = 1, .ofs_y = 0},
    {.bitmap_index = 11755, .adv_w = 83, .box_w = 5, .box_h = 6, .ofs_x = 0, .ofs_y = 2},
    {.bitmap_index = 11770, .adv_w = 83, .box_w = 5, .box_h = 6, .ofs_x = 0, .ofs_y = 2},
    {.bitmap_index = 11785, .adv_w = 220, .box_w = 13, .box_h = 13, .ofs_x = 0, .ofs_y = 0},
    {.bitmap_index = 11870, .adv_w = 200, .box_w = 12, .box_h = 10, .ofs_x = 0, .ofs_y = 1},
    {.bitmap_index = 11930, .adv_w = 200, .box_w = 10, .box_h = 13, .ofs_x = 1, .ofs_y = 0},
    {.bitmap_index = 11995, .adv_w = 200, .box_w = 12, .box_h = 10, .ofs_x = 0, .ofs_y = 1},
    {.bitmap_index = 12055, .adv_w = 200, .box_w = 10, .box_h = 12, .ofs_x = 1, .ofs_y = 0},
    {.bitmap_index = 12115, .adv_w = 165, .box_w = 9, .box_h = 3, .ofs_x = 1, .ofs_y = 5},
    {.bitmap_index = 12129, .adv_w = 253, .box_w = 12, .box_h = 8, .ofs_x = 2, .ofs_y = 2},
    {.bitmap_index = 12177, .adv_w = 255, .box_w = 12, .box_h = 12, .ofs_x = 2, .ofs_y = 0},
    {.bitmap_index = 12249, .adv_w = 255, .box_w = 12, .box_h = 12, .ofs_x = 2, .ofs_y = 0},
    {.bitmap_index = 12321, .adv_w = 265, .box_w = 15, .box_h = 16, .ofs_x = 1, .ofs_y = -3},
    {.bitmap_index = 12441, .adv_w = 265, .box_w = 15, .box_h = 16, .ofs_x = 1, .ofs_y = -3},
    {.bitmap_index = 12561, .adv_w = 237, .box_w = 15, .box_h = 11, .ofs_x = 0, .ofs_y = 1},
    {.bitmap_index = 12644, .adv_w = 304, .box_w = 19, .box_h = 20, .ofs_x = 0, .ofs_y = -3},
    {.bitmap_index = 12834, .adv_w = 304, .box_w = 19, .box_h = 15, .ofs_x = 0, .ofs_y = 0},
    {.bitmap_index = 12977, .adv_w = 304, .box_w = 19, .box_h = 18, .ofs_x = 0, .ofs_y = -2},
    {.bitmap_index = 13148, .adv_w = 304, .box_w = 19, .box_h = 15, .ofs_x = 0, .ofs_y = 0},
    {.bitmap_index = 13291, .adv_w = 209, .box_w = 14, .box_h = 14, .ofs_x = 0, .ofs_y = 0},
    {.bitmap_index = 13389, .adv_w = 304, .box_w = 19, .box_h = 20, .ofs_x = 0, .ofs_y = -3},
    {.bitmap_index = 13579, .adv_w = 304, .box_w = 19, .box_h = 20, .ofs_x = 0, .ofs_y = -3},
    {.bitmap_index = 13769, .adv_w = 342, .box_w = 22, .box_h = 18, .ofs_x = 0, .ofs_y = -2},
    {.bitmap_index = 13967, .adv_w = 304, .box_w = 19, .box_h = 20, .ofs_x = 0, .ofs_y = -3},
    {.bitmap_index = 14157, .adv_w = 342, .box_w = 22, .box_h = 15, .ofs_x = 0, .ofs_y = 0},
    {.bitmap_index = 14322, .adv_w = 304, .box_w = 19, .box_h = 20, .ofs_x = 0, .ofs_y = -3},
    {.bitmap_index = 14512, .adv_w = 152, .box_w = 10, .box_h = 15, .ofs_x = 0, .ofs_y = 0},
    {.bitmap_index = 14587, .adv_w = 228, .box_w = 15, .box_h = 15, .ofs_x = 0, .ofs_y = 0},
    {.bitmap_index = 14700, .adv_w = 342, .box_w = 22, .box_h = 19, .ofs_x = 0, .ofs_y = -2},
    {.bitmap_index = 14909, .adv_w = 304, .box_w = 19, .box_h = 15, .ofs_x = 0, .ofs_y = 0},
    {.bitmap_index = 15052, .adv_w = 209, .box_w = 14, .box_h = 20, .ofs_x = 0, .ofs_y = -3},
    {.bitmap_index = 15192, .adv_w = 266, .box_w = 13, .box_h = 18, .ofs_x = 2, .ofs_y = -2},
    {.bitmap_index = 15309, .adv_w = 266, .box_w = 17, .box_h = 20, .ofs_x = 0, .ofs_y = -3},
    {.bitmap_index = 15479, .adv_w = 266, .box_w = 17, .box_h = 18, .ofs_x = 0, .ofs_y = -2},
    {.bitmap_index = 15632, .adv_w = 266, .box_w = 17, .box_h = 18, .ofs_x = 0, .ofs_y = -2},
    {.bitmap_index = 15785, .adv_w = 266, .box_w = 13, .box_h = 18, .ofs_x = 2, .ofs_y = -2},
    {.bitmap_index = 15902, .adv_w = 266, .box_w = 18, .box_h = 18, .ofs_x = -1, .ofs_y = -2},
    {.bitmap_index = 16064, .adv_w = 190, .box_w = 10, .box_h = 17, .ofs_x = 1, .ofs_y = -1},
    {.bitmap_index = 16149, .adv_w = 190, .box_w = 10, .box_h = 17, .ofs_x = 1, .ofs_y = -1},
    {.bitmap_index = 16234, .adv_w = 266, .box_w = 17, .box_h = 18, .ofs_x = 0, .ofs_y = -2},
    {.bitmap_index = 16387, .adv_w = 266, .box_w = 17, .box_h = 4, .ofs_x = 0, .ofs_y = 5},
    {.bitmap_index = 16421, .adv_w = 342, .box_w = 22, .box_h = 15, .ofs_x = 0, .ofs_y = 0},
    {.bitmap_index = 16586, .adv_w = 380, .box_w = 24, .box_h = 20, .ofs_x = 0, .ofs_y = -3},
    {.bitmap_index = 16826, .adv_w = 342, .box_w = 23, .box_h = 20, .ofs_x = -1, .ofs_y = -3},
    {.bitmap_index = 17056, .adv_w = 304, .box_w = 19, .box_h = 18, .ofs_x = 0, .ofs_y = -2},
    {.bitmap_index = 17227, .adv_w = 266, .box_w = 17, .box_h = 11, .ofs_x = 0, .ofs_y = 2},
    {.bitmap_index = 17321, .adv_w = 266, .box_w = 17, .box_h = 11, .ofs_x = 0, .ofs_y = 2},
    {.bitmap_index = 17415, .adv_w = 380, .box_w = 24, .box_h = 16, .ofs_x = 0, .ofs_y = -1},
    {.bitmap_index = 17607, .adv_w = 304, .box_w = 19, .box_h = 15, .ofs_x = 0, .ofs_y = 0},
    {.bitmap_index = 17750, .adv_w = 304, .box_w = 19, .box_h = 20, .ofs_x = 0, .ofs_y = -3},
    {.bitmap_index = 17940, .adv_w = 304, .box_w = 20, .box_h = 20, .ofs_x = -1, .ofs_y = -3},
    {.bitmap_index = 18140, .adv_w = 266, .box_w = 17, .box_h = 18, .ofs_x = 0, .ofs_y = -2},
    {.bitmap_index = 18293, .adv_w = 266, .box_w = 17, .box_h = 20, .ofs_x = 0, .ofs_y = -3},
    {.bitmap_index = 18463, .adv_w = 266, .box_w = 17, .box_h = 18, .ofs_x = 0, .ofs_y = -2},
    {.bitmap_index = 18616, .adv_w = 266, .box_w = 17, .box_h = 16, .ofs_x = 0, .ofs_y = -1},
    {.bitmap_index = 18752, .adv_w = 304, .box_w = 19, .box_h = 15, .ofs_x = 0, .ofs_y = 0},
    {.bitmap_index = 18895, .adv_w = 190, .box_w = 14, .box_h = 20, .ofs_x = -1, .ofs_y = -3},
    {.bitmap_index = 19035, .adv_w = 266, .box_w = 17, .box_h = 20, .ofs_x = 0, .ofs_y = -3},
    {.bitmap_index = 19205, .adv_w = 266, .box_w = 17, .box_h = 20, .ofs_x = 0, .ofs_y = -3},
    {.bitmap_index = 19375, .adv_w = 342, .box_w = 22, .box_h = 15, .ofs_x = 0, .ofs_y = 0},
    {.bitmap_index = 19540, .adv_w = 304, .box_w = 21, .box_h = 20, .ofs_x = -1, .ofs_y = -3},
    {.bitmap_index = 19750, .adv_w = 228, .box_w = 15, .box_h = 20, .ofs_x = 0, .ofs_y = -3},
    {.bitmap_index = 19900, .adv_w = 380, .box_w = 24, .box_h = 19, .ofs_x = 0, .ofs_y = -2},
    {.bitmap_index = 20128, .adv_w = 380, .box_w = 24, .box_h = 13, .ofs_x = 0, .ofs_y = 1},
    {.bitmap_index = 20284, .adv_w = 380, .box_w = 24, .box_h = 13, .ofs_x = 0, .ofs_y = 1},
    {.bitmap_index = 20440, .adv_w = 380, .box_w = 24, .box_h = 13, .ofs_x = 0, .ofs_y = 1},
    {.bitmap_index = 20596, .adv_w = 380, .box_w = 24, .box_h = 13, .ofs_x = 0, .ofs_y = 1},
    {.bitmap_index = 20752, .adv_w = 380, .box_w = 24, .box_h = 13, .ofs_x = 0, .ofs_y = 1},
    {.bitmap_index = 20908, .adv_w = 380, .box_w = 24, .box_h = 16, .ofs_x = 0, .ofs_y = -1},
    {.bitmap_index = 21100, .adv_w = 266, .box_w = 15, .box_h = 20, .ofs_x = 1, .ofs_y = -3},
    {.bitmap_index = 21250, .adv_w = 266, .box_w = 17, .box_h = 20, .ofs_x = 0, .ofs_y = -3},
    {.bitmap_index = 21420, .adv_w = 304, .box_w = 20, .box_h = 20, .ofs_x = -1, .ofs_y = -3},
    {.bitmap_index = 21620, .adv_w = 380, .box_w = 24, .box_h = 15, .ofs_x = 0, .ofs_y = 0},
    {.bitmap_index = 21800, .adv_w = 228, .box_w = 15, .box_h = 20, .ofs_x = 0, .ofs_y = -3},
    {.bitmap_index = 21950, .adv_w = 306, .box_w = 20, .box_h = 13, .ofs_x = 0, .ofs_y = 0}
};

/*---------------------
 *  CHARACTER MAPPING
 *--------------------*/

static const uint16_t unicode_list_3[] = {
    0x0, 0x1, 0x5, 0x6, 0x9, 0xa, 0xf, 0x13,
    0x26, 0x27, 0x99, 0x17d, 0x17e, 0x17f, 0x180, 0x1ff,
    0x20b, 0x251, 0x252, 0x5b8, 0x5bc, 0x700, 0xcfee, 0xcff5,
    0xcff8, 0xcff9, 0xcffa, 0xcffe, 0xd000, 0xd002, 0xd006, 0xd009,
    0xd00e, 0xd013, 0xd014, 0xd015, 0xd02b, 0xd030, 0xd035, 0xd038,
    0xd039, 0xd03a, 0xd03e, 0xd03f, 0xd040, 0xd041, 0xd054, 0xd055,
    0xd05b, 0xd05d, 0xd05e, 0xd061, 0xd064, 0xd065, 0xd066, 0xd068,
    0xd080, 0xd082, 0xd0b1, 0xd0b2, 0xd0b4, 0xd0b6, 0xd0cd, 0xd0d4,
    0xd0d7, 0xd0e0, 0xd109, 0xd111, 0xd148, 0xd1d8, 0xd22d, 0xd22e,
    0xd22f, 0xd230, 0xd231, 0xd274, 0xd280, 0xd2da, 0xd2f1, 0xd547,
    0xd7af, 0xd88f
};

/*Collect the unicode lists and glyph_id offsets*/
static const lv_font_fmt_txt_cmap_t cmaps[] =
{
    {
        .range_start = 32, .range_length = 95, .glyph_id_start = 1,
        .unicode_list = NULL, .glyph_id_ofs_list = NULL, .list_length = 0, .type = LV_FONT_FMT_TXT_CMAP_FORMAT0_TINY
    },
    {
        .range_start = 160, .range_length = 13, .glyph_id_start = 96,
        .unicode_list = NULL, .glyph_id_ofs_list = NULL, .list_length = 0, .type = LV_FONT_FMT_TXT_CMAP_FORMAT0_TINY
    },
    {
        .range_start = 174, .range_length = 82, .glyph_id_start = 109,
        .unicode_list = NULL, .glyph_id_ofs_list = NULL, .list_length = 0, .type = LV_FONT_FMT_TXT_CMAP_FORMAT0_TINY
    },
    {
        .range_start = 8211, .range_length = 55440, .glyph_id_start = 191,
        .unicode_list = unicode_list_3, .glyph_id_ofs_list = NULL, .list_length = 82, .type = LV_FONT_FMT_TXT_CMAP_SPARSE_TINY
    }
};

/*-----------------
 *    KERNING
 *----------------*/


/*Map glyph_ids to kern left classes*/
static const uint8_t kern_left_class_mapping[] =
{
    0, 1, 0, 2, 0, 3, 0, 4,
    2, 5, 0, 0, 0, 6, 7, 6,
    8, 9, 10, 11, 12, 13, 14, 15,
    16, 17, 18, 0, 0, 0, 0, 0,
    0, 19, 20, 21, 22, 0, 23, 24,
    25, 26, 26, 27, 28, 29, 26, 26,
    30, 31, 32, 33, 34, 35, 27, 36,
    37, 38, 39, 40, 41, 0, 0, 0,
    0, 0, 42, 19, 43, 0, 44, 45,
    46, 47, 48, 49, 50, 0, 47, 47,
    19, 19, 51, 52, 53, 54, 55, 56,
    57, 58, 59, 60, 61, 26, 0, 0,
    0, 62, 0, 63, 0, 64, 0, 0,
    0, 0, 0, 0, 0, 0, 0, 0,
    0, 0, 0, 0, 0, 0, 0, 0,
    0, 0, 0, 0, 0, 0, 65, 20,
    20, 20, 20, 20, 20, 23, 22, 23,
    23, 23, 23, 26, 26, 26, 26, 0,
    26, 30, 30, 30, 30, 30, 0, 30,
    27, 27, 27, 27, 39, 0, 0, 0,
    0, 0, 0, 0, 0, 44, 43, 44,
    44, 44, 44, 0, 0, 0, 0, 0,
    47, 19, 19, 19, 19, 19, 0, 19,
    55, 55, 55, 55, 0, 19, 0, 0,
    0, 66, 67, 66, 67, 0, 0, 0,
    0, 68, 0, 0, 0, 0, 0, 0,
    0, 0, 0, 0, 0, 0, 0, 0,
    0, 0, 0, 0, 0, 0, 0, 0,
    0, 0, 0, 0, 0, 0, 0, 0,
    0, 0, 0, 0, 0, 0, 0, 0,
    0, 0, 0, 0, 0, 0, 0, 0,
    0, 0, 0, 0, 0, 0, 0, 0,
    0, 0, 0, 0, 0, 0, 0, 0,
    0, 0, 0, 0, 0, 0, 0, 0,
    0
};

/*Map glyph_ids to kern right classes*/
static const uint8_t kern_right_class_mapping[] =
{
    0, 1, 0, 2, 0, 0, 0, 3,
    2, 0, 4, 5, 0, 6, 7, 6,
    8, 9, 10, 11, 12, 13, 14, 15,
    16, 17, 18, 19, 19, 0, 0, 0,
    20, 21, 22, 23, 24, 23, 23, 23,
    24, 23, 23, 25, 23, 23, 23, 23,
    24, 23, 24, 23, 26, 27, 28, 29,
    30, 31, 32, 33, 0, 0, 34, 0,
    0, 0, 21, 35, 21, 21, 21, 36,
    21, 37, 38, 39, 37, 37, 40, 40,
    41, 40, 21, 40, 42, 36, 43, 44,
    45, 46, 47, 48, 0, 23, 49, 0,
    0, 0, 50, 0, 0, 0, 0, 0,
    0, 0, 0, 0, 0, 0, 0, 0,
    0, 0, 0, 0, 0, 0, 0, 0,
    0, 0, 0, 0, 0, 0, 0, 22,
    22, 22, 22, 22, 22, 22, 24, 23,
    23, 23, 23, 23, 23, 23, 23, 23,
    23, 24, 24, 24, 24, 24, 0, 24,
    51, 51, 51, 51, 52, 23, 0, 21,
    21, 21, 21, 21, 21, 21, 21, 21,
    21, 21, 21, 0, 0, 0, 0, 0,
    40, 21, 21, 21, 21, 21, 0, 21,
    43, 43, 43, 43, 44, 40, 44, 0,
    0, 0, 53, 0, 53, 0, 0, 0,
    0, 0, 0, 0, 0, 0, 0, 0,
    0, 0, 0, 0, 0, 0, 0, 0,
    0, 0, 0, 0, 0, 0, 0, 0,
    0, 0, 0, 0, 0, 0, 0, 0,
    0, 0, 0, 0, 0, 0, 0, 0,
    0, 0, 0, 0, 0, 0, 0, 0,
    0, 0, 0, 0, 0, 0, 0, 0,
    0, 0, 0, 0, 0, 0, 0, 0,
    0, 0, 0, 0, 0, 0, 0, 0,
    0
};

/*Kern values between classes*/
static const int8_t kern_class_values[] =
{
    0, 0, 0, 0, 0, 0, 0, 0,
    0, 0, 0, 0, 0, 0, 0, 0,
    0, 0, 0, 0, 0, -9, 0, 0,
    -9, 0, -5, 0, 0, 0, 0, -9,
    0, 0, 0, 0, 0, 0, 0, 0,
    0, 0, 0, 0, 0, 0, 0, 0,
    0, 0, 0, -9, 0, 0, 0, 0,
    0, 0, 0, 0, 0, -10, 0, 0,
    0, -23, 0, -17, 7, -8, -1, 0,
    0, -21, -38, 0, -12, -35, -9, 8,
    0, 0, 0, 0, 0, 0, 0, 0,
    2, 0, 0, 0, -6, -21, -13, -4,
    -1, -1, -1, -1, 0, 0, 0, 0,
    0, 0, 0, 0, 0, 0, 0, 0,
    0, 0, 0, 0, 0, 0, 0, 0,
    0, -5, 0, 0, 0, 0, 0, 0,
    0, 0, 0, 0, 0, 0, 0, 0,
    0, 0, 0, 0, 0, 0, 0, 0,
    0, 0, 0, 0, 0, 0, 0, 0,
    0, 0, 0, 0, 0, 0, 0, -12,
    0, 0, 0, 0, 0, 0, 0, 0,
    0, 0, 0, 0, 0, 0, 0, 0,
    0, 0, 0, -5, -27, -9, -22, 0,
    -8, -29, -13, -22, -19, -21, -26, -16,
    0, 0, -14, 0, 0, 0, 0, -5,
    -5, -6, -18, -12, 0, -18, 0, 0,
    0, -13, -26, 0, 0, 0, 0, 0,
    0, 0, 0, 0, 0, 0, 0, 0,
    0, 0, 0, 0, 0, 0, 0, 0,
    0, 0, 0, -4, -5, 0, 0, 0,
    0, 0, 0, 0, 0, 0, 0, 0,
    0, 0, 30, 0, 0, 0, 0, -11,
    -9, 0, -11, 0, 0, 0, 0, 0,
    0, 0, 0, 0, 0, -21, 0, 0,
    0, -8, -25, 0, 0, -10, 0, -9,
    -19, 0, -16, 0, 0, -6, 0, 0,
    -11, 0, 0, -21, 0, -24, -17, 0,
    -34, 0, 0, 0, -12, 0, 0, 11,
    0, -6, 0, 0, -15, -10, 0, -15,
    0, 0, 0, 0, -34, -28, 0, 0,
    0, 0, 0, 0, 0, 0, 0, -16,
    -9, -17, 0, 0, 0, -23, 0, 0,
    0, 0, 5, -12, 0, 4, -17, -9,
    -24, 0, -21, -13, -19, -26, -9, 0,
    0, -6, 0, 0, 0, 0, 5, 0,
    0, -8, 0, -8, -8, -7, 0, 0,
    0, -26, 0, 0, 0, 0, 0, 0,
    0, 0, 0, 0, 0, 0, 0, 0,
    0, 0, 0, 0, 0, 0, 0, -16,
    -18, 4, -8, -24, 0, 0, 0, 0,
    0, 0, 0, 0, 0, 0, -5, 0,
    0, 0, -13, -16, -13, -7, -9, -9,
    0, -9, -9, 0, 0, 0, 0, 0,
    0, -10, 0, 0, 0, -8, 0, 0,
    0, 0, -1, 0, 0, 0, 0, -12,
    0, 0, 0, 0, 0, 0, 0, 0,
    0, 0, 0, 0, 0, 0, 0, 0,
    0, 0, 0, 0, 0, 0, 0, 0,
    0, 0, 0, 0, 0, 0, 0, 0,
    0, 0, 0, 0, 0, 0, 0, 0,
    0, 0, 0, 0, 0, 0, 0, 0,
    0, 0, 0, 0, -2, 0, 0, 0,
    0, 0, 0, 0, 0, 0, 0, 0,
    0, 0, 0, 0, 0, 0, 0, 0,
    0, 0, 0, 0, 0, 0, 0, 0,
    0, 0, 0, 0, 0, 0, 0, 0,
    0, 0, 0, 0, 0, 0, 0, 0,
    -10, 0, 0, 0, 0, 0, 0, 0,
    0, -8, 0, 0, 0, 0, 0, 0,
    0, 0, 0, 0, 0, 0, 0, 0,
    0, 0, 0, 0, 0, 0, 0, 0,
    0, 0, 0, 0, 0, 0, 0, 0,
    0, 0, 0, 0, 0, 0, 0, 0,
    0, 0, 0, 0, -9, 0, 0, 0,
    0, 0, 0, 0, 0, 0, -6, 0,
    0, 0, 0, 0, 0, 0, 0, 0,
    0, 0, 0, 0, 0, 0, 0, 0,
    0, 0, 0, 0, 0, 0, 0, 0,
    0, 0, 0, 0, 0, 0, 0, 0,
    0, 0, 0, 0, 0, -19, 0, 0,
    0, -12, 0, 0, 0, -12, -4, 0,
    -6, -4, 0, -15, 0, -8, 0, 0,
    0, 0, 0, 0, 0, 0, 0, 0,
    0, 0, 0, 0, 0, 0, 0, 0,
    0, 0, 0, 0, 0, 0, 0, 0,
    0, 0, 0, 0, 0, 0, 0, 0,
    0, 0, 0, 0, 0, 0, -9, 0,
    0, 0, 0, 0, 0, 0, 0, 0,
    -9, 0, 0, 0, 0, 0, 0, 0,
    0, 0, 0, 0, 0, 0, 0, 0,
    0, 0, 0, 0, 0, 0, 0, 0,
    0, 0, 0, 0, 0, 0, 0, 0,
    0, 0, 0, 0, 0, 0, 0, -17,
    0, 0, 0, 0, 0, 0, 0, -8,
    0, -4, 0, 0, 0, -10, 0, -6,
    0, 0, 0, 0, 0, 0, 0, 0,
    0, 0, 0, 0, 0, 0, 0, 0,
    0, 0, 0, 0, 0, 0, 0, 0,
    0, 0, 0, 0, 0, 0, 0, 0,
    0, 0, 0, 0, 7, 0, 0, 0,
    -21, -16, 0, -5, 0, -3, -6, -12,
    0, -11, -5, -7, -5, 0, 0, 0,
    0, 0, 0, 0, 0, 0, 0, 0,
    0, 0, 0, 0, 0, 0, 0, 0,
    0, 0, 0, 0, 0, 0, 0, 0,
    0, 0, 0, 0, -5, 0, 0, 0,
    0, -8, 0, 0, 0, 0, 0, 0,
    0, -5, -3, -6, 0, 0, 0, -9,
    0, -4, 0, 0, 0, 0, 0, 0,
    0, 0, 0, 0, 0, 0, 0, 0,
    0, 0, 0, 0, 0, 0, 0, 0,
    0, 0, 0, 0, 0, 0, 0, 0,
    0, 0, 0, 0, 0, 0, -1, 0,
    0, 0, -22, 0, 0, 0, -3, -3,
    -3, -6, 0, -9, -10, -5, 0, 0,
    0, 0, 0, 0, 0, 0, 0, 0,
    0, 0, 0, 0, 0, 0, 0, 0,
    0, 0, 0, 0, 0, 0, 0, 0,
    0, 0, 0, 0, 0, 0, 0, 0,
    0, 0, 0, -21, 0, 0, 0, -6,
    5, 0, 0, 0, 0, 0, 0, 0,
    0, 0, 0, 0, 0, 0, 0, 0,
    0, 0, 0, 0, 0, 0, 0, 0,
    0, 0, 0, 0, 0, -5, 0, 0,
    0, 0, 0, 0, 0, -5, -4, -5,
    -5, -5, 0, 0, 0, 0, -18, -9,
    -38, 0, 0, -38, 0, -12, 0, 0,
    0, 0, 0, 0, 0, 0, 0, 0,
    0, -4, -18, -9, -12, -2, -16, -5,
    -8, -31, -5, -29, -26, -12, -32, -5,
    0, 0, -13, 0, 0, -2, 0, -9,
    0, -5, -21, -17, -14, -16, 0, 0,
    0, -5, -32, -36, 0, 0, 0, 0,
    0, 0, 0, 0, 0, 0, 0, 0,
    0, 0, 0, 0, 0, 0, 0, 0,
    0, 0, 0, 0, -12, -4, -6, 0,
    -6, -3, -7, -10, 0, 0, 0, 0,
    0, 0, 0, 0, 0, 0, 0, 0,
    0, 0, 0, 0, 0, 0, 0, -10,
    0, 0, 0, 0, 0, 0, 0, -6,
    0, 0, 0, 0, 0, 0, 0, 0,
    0, 0, 0, 0, 0, -5, -5, 0,
    -9, -15, -4, -5, 0, 0, 0, 0,
    -9, 0, 0, 0, -8, 0, 0, 0,
    0, -5, 0, 0, -12, -12, -5, -12,
    0, 7, 0, 0, 0, 0, 0, 0,
    0, 8, 0, 0, -10, 0, 0, 0,
    0, 0, 0, 0, 0, 0, 0, 0,
    0, 0, -3, 0, 0, -5, -11, -5,
    -8, 0, -4, 0, 0, -4, 0, 8,
    0, 0, 0, 0, 0, 0, -3, 0,
    0, 0, 0, 0, 0, 0, 8, 0,
    0, 0, 0, -3, 0, -4, 9, 0,
    -17, -7, -13, 0, 0, 0, 0, 0,
    0, 0, 0, 0, 0, 0, 0, -6,
    -19, 0, -4, -45, -6, -7, 0, 0,
    0, -7, 0, -3, 8, 0, 0, 0,
    0, 0, 0, -6, -5, 0, -4, -2,
    -7, -4, -5, 8, 0, 0, 0, 5,
    0, -9, 0, 0, 0, -13, 0, 0,
    0, 0, 0, 0, 0, 0, 0, 0,
    0, 0, 0, 0, 0, -10, 0, 2,
    -12, -4, -9, 0, -9, -6, -8, -14,
    0, 0, 0, 0, 0, 0, 0, 0,
    0, 0, 0, 0, 0, 0, 0, 0,
    3, 0, 0, -14, -5, 0, 0, 0,
    0, 0, 0, 0, 4, 0, 0, 0,
    0, 0, 0, 0, 0, 0, 0, 0,
    0, 0, 0, 0, 0, 0, -4, 0,
    0, 0, 0, 0, 0, 0, 0, 0,
    0, 0, 0, 0, 0, 0, 0, 0,
    0, 0, -4, 0, 0, 0, 0, 0,
    0, 0, 0, 0, 0, 0, 0, 0,
    0, -5, 0, 0, 0, 0, 0, 0,
    0, 0, 0, 0, 0, 0, 0, -7,
    0, 0, -15, -2, -3, 0, 0, 0,
    -5, -4, 0, 0, 0, 0, 0, 0,
    0, 0, 0, 0, 0, 0, 0, 0,
    0, 0, 0, 0, 0, -4, 0, -9,
    0, 0, 0, -11, 0, -23, 0, 0,
    0, 0, 0, 0, 0, 0, 0, 0,
    0, -4, 0, -16, -12, -5, -20, -9,
    -15, -19, -10, -17, -12, -19, -17, -12,
    0, 0, -16, 0, 0, 0, 0, -16,
    -10, -15, -27, -18, -11, -27, 0, 0,
    0, -10, -17, -7, -2, -27, 0, 0,
    -26, 0, -13, 0, 0, 0, 0, 0,
    0, 0, 0, 0, 0, 0, 0, -9,
    -6, -8, 0, -18, -5, -10, -28, -7,
    -23, -21, 0, -31, 0, 0, 0, -12,
    0, 0, 0, 0, -6, 0, 0, -9,
    -7, -5, -9, 0, 0, 0, -7, -31,
    -27, 0, -12, 0, -4, 0, -11, 4,
    -8, 0, 0, 0, 0, 0, 0, 0,
    0, 0, 0, 0, 0, 0, -16, 0,
    2, -19, -6, -15, 0, -12, -10, -12,
    -19, -4, -4, 0, 0, 0, 0, 7,
    0, 0, 0, 0, 0, 0, -3, 0,
    0, 0, 0, 0, -19, -3, -5, 0,
    0, 0, 0, -26, -15, -17, 0, 0,
    0, 0, 0, 0, 0, 0, 0, 0,
    0, 0, -8, -20, -2, 0, -39, 0,
    -6, 0, -3, 0, -11, -9, -9, 0,
    0, 0, 0, 0, 0, 0, -8, -6,
    0, 0, 0, 0, 0, 0, 0, 0,
    0, -9, 7, 0, 0, 0, 0, 0,
    -7, 0, 5, 0, 0, 0, 0, 0,
    0, 0, 0, 0, 0, 0, 0, 0,
    0, 0, 0, 0, 0, -15, 0, 0,
    -10, -4, -19, 0, 0, 0, 0, 0,
    0, 0, 0, 0, 0, 0, 0, 0,
    0, 0, 0, 5, 0, 0, -19, -9,
    0, -5, 0, 0, 0, 0, -18, 0,
    0, 0, 0, 0, 0, 0, 0, 0,
    0, 0, 0, 0, -9, -11, -4, -7,
    -9, -11, -16, -5, -12, -9, -12, -17,
    -9, 0, 0, -6, 0, 0, 0, 0,
    -9, -9, -4, -8, -7, -12, -8, -5,
    0, 0, -5, -17, -7, 0, 0, 0,
    0, 0, 0, 4, 0, 0, 0, 0,
    0, 0, 0, 0, 0, 0, 0, 0,
    0, -2, -7, 0, 1, -12, -5, -10,
    4, -5, -3, -5, -12, 0, 0, 0,
    0, 0, 0, 0, 0, -2, 0, 0,
    -5, -4, -5, -5, 0, 0, 0, 4,
    -12, 0, -5, 8, -9, 0, 0, -21,
    -24, -15, 0, 0, 0, 0, 0, 0,
    0, 0, 0, 0, -29, 3, -40, -31,
    0, -15, -45, -13, -14, -3, -12, -9,
    -15, -14, -12, 0, 0, -18, 0, 0,
    0, -32, -40, -36, -30, -36, -33, -39,
    -36, -33, 0, 0, -3, -14, 6, 0,
    0, -9, 0, 0, -24, -21, -10, 0,
    0, 0, 0, 0, 0, 0, 0, 0,
    0, -20, 2, -30, -29, 0, -12, -38,
    -14, -12, 0, -10, -9, -11, -10, -7,
    0, 0, -14, 0, 0, 0, -23, -32,
    -29, -19, -19, -16, -32, -19, -22, 0,
    0, 0, -10, 0, 0, 0, -9, 0,
    0, -17, -13, -10, 0, 0, 0, 0,
    0, 0, 0, 0, 0, 0, -10, 2,
    -22, -26, 0, -10, -33, -10, -9, 0,
    -9, -9, -9, -11, -5, 0, 0, -11,
    0, 0, 0, -19, -22, -23, -16, -18,
    -15, -19, -18, -18, 0, 0, 0, -11,
    0, 0, 0, -2, 0, 0, 0, -19,
    0, 0, 0, 0, 0, 0, 0, 0,
    0, 0, 0, 0, 0, -13, -12, -4,
    -12, -12, -12, -15, -5, -11, -9, -14,
    -13, -5, 0, -5, -16, -5, 0, 0,
    -7, -13, -7, -10, -18, -16, -12, -18,
    -7, 0, 0, -5, -13, -7, -9, 0,
    -19, 0, 0, -34, -26, -21, 0, 0,
    0, 0, 0, 0, 0, 0, 0, 0,
    -26, -5, -45, -32, -7, -19, -44, -21,
    -14, -4, -10, -11, -13, -13, -7, 0,
    -7, -22, -7, -12, -13, -29, -45, -42,
    -29, -31, -28, -36, -31, -29, 0, 0,
    0, 0, -5, 0, 0, 0, 0, 0,
    0, -9, 0, 0, 0, 0, 0, 0,
    0, 0, 0, 0, 0, 0, 2, -9,
    -9, 0, -7, -7, 0, -7, 0, -7,
    -4, -5, -7, -9, 0, 0, -9, 0,
    0, 0, 0, -9, 0, 0, -9, -7,
    0, -9, 0, 0, 0, 0, -7, 0,
    0, 0, 0, 0, 0, 0, 0, 0,
    0, 0, 0, 0, 0, 0, 0, 0,
    0, 0, 0, 0, 0, 0, 0, -4,
    0, 0, 0, 0, 0, 0, 0, 0,
    0, 0, 0, 0, 0, 0, 25, 0,
    0, 0, 0, 0, 0, 0, 0, 0,
    0, 0, 0, 0, 0, 0, 0, 0,
    0, 0, 0, 0, 0, 0, 0, 0,
    0, 0, 0, 0, 0, 0, 0, 0,
    0, 0, 0, 0, 0, 0, 0, 0,
    0, 0, 0, 0, 0, 0, 0, 0,
    -1, 0, 0, 0, 0, 0, 0, 0,
    0, -1, 0, 0, 0, 0, 0, 0,
    0, 0, 0, 0, 0, 0, 0, 0,
    -8, 0, 0, 0, 0, 0, 0, 0,
    0, 0, 0, 0, 0, 0, -3, 0,
    0, 0, 0, 0, 0, 0, 0, 0,
    0, 0, 0, 0, 0, -2, 0, 0,
    0, 0, -3, 0, 0, 0, 0, -1,
    0, 0, 0, 0, 0, 0, -6, 0,
    0, 0, 0, 0, 0, 5, 0, 0,
    0, 0, 0, 0, 0, 0, 0, 0,
    0, 0, 0, 0, 0, 0, 0, 0,
    0, 0, 0, 0, 0, 0, 0, 0,
    0, 0, -4, 0, 0, 0, 0, 0,
    0, 0, -2, -2, -5, -2, 0, 0,
    0, 0, 0, -9, 0, 19, 0, 17,
    5, -16, -16, -6, 0, 0, 0, 0,
    0, 0, 0, 0, 0, 0, 0, 13,
    -8, 0, 0, 0, 0, 0, 0, 0,
    0, 0, 0, 0, 0, 17, 7, -9,
    7, 0, 0, -5, -8, -5, 0, -5,
    -4, -8, -5, -5, 16, 0, 0, 0,
    16, 0, 0, 0, 0, 0, 0, 0,
    0, 0, 0, 0, 0, 0, 0, 0,
    0, 0, 0, 0, 0, 0, 0, 0,
    0, 0, 0, 0, 0, 0, 0, 0,
    0, 0, 0, 0, 0, 0, 0, 16,
    0, 0, 0, 0, 0, 0, 0, 0,
    0, 0, 0, 0, 0, 0, 0, -11,
    0, 0, 0, 0, 0, 0, 0, 0,
    0, 0, 0, 0, 0, 0, 0, 0,
    0, 0, 0, 0, 0, 0, 0, 0,
    0, 0, 0, 0, 0, 0, 0, 0,
    0, -2, 0, 0, 0, 0, 0, 0,
    0, 0, 0, 0, 0, 0, 0, 0,
    0, 0, -7, 0, 0, 0, 0, 0,
    0, 0, 0, 0, 0, 0, 0, 0,
    0, 0, 0, 0, 0, 0, 0, 0,
    0, 0, 0, 0, 0, 0, 0, 0,
    0, 0, 0, 0, 0, 0, 0, 0,
    0, 0, 0, 0, 0, 0, 0, -2,
    0, 0, 0, 0, 0, 0, 0, 0,
    0, 0, 0, 0, 0, 0, 0, 0,
    0, 0, 0, 0, 0, 0, 0, 0,
    0, 0, 0, 0, 0, 0, 0, 0,
    0, 0, 0, 0, 0, 0, 0, 0,
    0, 0, 0, 0, 0, 0, 19, 0,
    0, 0, 0, 0, 0, 0, 0, 0,
    0, 0, 0, 0, 0, 0, 0, 0,
    0, 0, -5, -18, 0, 0, 0, 0,
    0, 0, 0, 0, 0, 0, 0, 0,
    -9, -8, 0, 0, 0, 0, 0, 0,
    0, 0, 0, 0, 0, 0, 0, 0,
    -10, 0, -5, -5, -5, -8, -9, -5,
    -10, -10, -11, -10, -9, 0, 0, 0,
    0, 0, 0, -6, 0, 0, 0, 0,
    0, 0, 0, 0, 0, 0, 0, 0,
    0, 0, 0, 0, 0, 0, 0, 0,
    0, 0, 0, 0, 0, 0, 0, 0,
    0, 0, 0, 0, 0, 0, 0, 0,
    25, 0, 0, 0, 0, 0, 0, 0,
    0, 0, 0, 0, 0, 0, 0, 0,
    0, -6, 0, 0, -23, -15, -20, 0,
    0, 0, 0, 0, 0, 0, 0, 0,
    0, 0, 0, -10, 0, 0, 0, 0,
    0, 0, 0, 0, 0, 0, 0, 0,
    0, -9, -6, -5, -5, -5, -5, -10,
    -9, -5, -8, -7, -7, -8, -9, 0,
    0, 0, 0, 5, 0, -7, 0, 0,
    0, 0, 0, 0, 0, 0, 0, 0,
    0, 0, 0, 0, 0, 0, 0, 0,
    0, 0, 0, 0, 0, 0, 0, 0,
    0, 0, 0, 0, 0, 0, 0, 0,
    0, 0, 0, 0, 0, 0, 0, 0,
    0, 0, 0, 0, 0, 0, 0, 0,
    0, 0, 0, 0, 0, 0, -10, -6,
    0, 0, 0, 0, 0, 0, 0, 0,
    0, 0, 0, 0, 0, -5, 0, 0,
    0, 0, 0, 0, 0, 0, 0, 0,
    0, 0, 0, 0, -5, 0, 0, 0,
    0, -5, -3, 0, 0, 0, -2, 0,
    -4, 0, 0, 0, 0, 5, 0, -4,
    0, 0, 0, 0, 0, 0, 0, 0,
    0, 0, 0, 0, 0, 0, 0, 0,
    0, 0, 0, 0, 0, 0, 0, 0,
    0, 0, 0, 0, 0, 0, 0, 0,
    0, 0, 0, 0, 0, 0, 0, 0,
    0, 0, 0, 0, 0, 0, 0, 0,
    0, 0, -2, 0, -1, 0, -11, 0,
    -15, -8, 0, 0, 0, 0, 0, 0,
    0, 0, 0, 0, 0, 0, 0, -5,
    0, 0, 0, 0, 0, 0, 0, 0,
    0, 0, 0, 0, 0, 0, 0, 0,
    0, 0, 0, -5, -4, 0, -5, -5,
    -6, -5, -2, 0, 0, 0, 0, 0,
    0, -1, 0, -9, 0, -10, 0, 0,
    0, 0, 0, 0, 0, 0, 0, 0,
    0, 0, 0, 0, -4, 0, 0, 0,
    0, 0, 0, 0, 0, 0, 0, 0,
    0, 0, 0, 0, 0, -2, 0, 0,
    -4, -4, 0, -5, -7, -4, -5, -2,
    0, 0, 0, 0, 0, 0, -1, 0,
    0, 0, 0, -8, 0, 0, 0, 0,
    0, 0, 0, 0, 0, 0, 0, 0,
    0, -5, 0, 0, 0, 0, 0, 0,
    0, 0, 0, 0, 0, 0, 0, 0,
    -6, 0, 0, 0, 0, -5, -5, 0,
    -6, -4, -8, -6, 0, 0, 0, 0,
    0, 0, 0, 0, 0, -11, 0, -21,
    -11, 0, 0, 0, 0, 0, 0, 0,
    0, 0, 0, 0, -4, 0, -8, 0,
    0, 0, 0, 0, 0, 0, 0, 0,
    0, 0, 0, -3, -4, -2, -4, -4,
    -4, -4, -8, -5, 0, -5, -9, -9,
    -5, -7, -5, 0, 0, 0, 0, 0,
    0, 0, 0, 0, 0, -7, 5, 0,
    0, 0, 0, 0, 0, 0, 0, 0,
    0, 0, 0, -3, 0, 0, 0, 0,
    0, 0, 0, 0, 0, 0, 0, 0,
    0, 0, -4, 0, 0, 0, 0, -4,
    0, 0, 0, 0, 0, 0, 0, 0,
    0, 0, 0, 0, 0, 0, 0, 0,
    0, 0, 0, 0, 0, 0, 0, 0,
    0, 0, 0, 0, 0, 0, 0, 0,
    0, 0, 0, 0, 0, 0, 0, 0,
    0, 0, 0, 0, 0, 0, 0, 0,
    0, 0, 30, 0, 0, 0, 0, 0,
    0, 0, 0, 0, 0, 0, 0, 0,
    0, 0, 0, 0, 0, 0, 0, 0,
    0, 0, 0, 0, 0, 0, 0, 0,
    0, 0, 0, 0, 0, 0, 0, 0,
    0, 0, 0, -9, 0, -5, -5, 0,
    -11, 0, 0, 0, 0, 0, 0, 27,
    0, 0, 0, 0, 0, 0, 0, 0,
    0, 0, 0, 0, -11, 0, 0, 0,
    0, 0, 0, 0, 0, 0, 0, 0,
    0, 0, -12, 0, -9, -5, 0, -5,
    0, 0, 0, 0, 0, 0, 0, 0,
    0, 0, 0, 0, 0, 0, 0, 0,
    0, 0, 0, 0, 0, 0, 0, 0,
    0, 0, 0, 0, 0, 0, 0, 0,
    0, 0, 0, 0, 0, 0, 0, 0,
    0, 0, 0, -2, 0, -5, 0, 0,
    0, -2, -9, -1, -2, 0, 0, 0,
    0, 0, 0, 0, 0, 0, 0, 0,
    0, 0, 0, 0, 0, 0, 0, 0,
    0, 0, 0, 0, 0, 0, 0, 0,
    0, 0, 0, 0, 0, 0, 0, 0,
    0, 0, 0, 0, 0, 0, 0, 0,
    0, 0, 0, 0, 0, 0, 0, 0,
    0, 0, 0, 0, -3, -9, 0, -8,
    -10, 0, -29, -6, -19, -17, 0, -28,
    0, 0, 0, 0, 0, 0, 15, 0,
    -3, 0, 0, 0, 0, 0, 0, 0,
    0, 0, -6, -28, 0, 0, 0, 0,
    0, 0, 0, 0, 0, 0, 0, 0,
    0, 0, 0, 0, 0, 0, 0, 0,
    0, -18, -33, 0, 0, -40, 0, 6,
    0, 0, 0, 0, 0, 0, 0, 0,
    5, 0, 0, 0, 0, -18, -11, 0,
    0, 0, 0, 0, 0, 0, 0, 0,
    0, 0, 0, 0, 0, 0, 0, 0,
    0, 0, 0, 0, 0, 0, 0, 0,
    0, 0, 0, 0, 0, 0, -27, -43,
    0, -13, -36, -10, 7, 0, 0, 0,
    -5, 0, 0, 0, 0, -3, 0, 0,
    0, -12, -27, -22, -13, -7, 0, 0,
    -7, -12, 0, 0, 0, 0, 0, 0,
    0, 0, 0, 0, 0, 0, 0, 0,
    0, 0, 0, -5, 0, 0, 0, 0,
    0, 0, 0, 0, 0, 0, 0, 0,
    0, 0, 0, 0, 0, 0, 0, 0,
    0, 0, 0, 0, 0, 0, 0, 0,
    0, 0, 0, 0, 0, 0, 0, 0,
    0, 0, 0, 0
};


/*Collect the kern class' data in one place*/
static const lv_font_fmt_txt_kern_classes_t kern_classes =
{
    .class_pair_values   = kern_class_values,
    .left_class_mapping  = kern_left_class_mapping,
    .right_class_mapping = kern_right_class_mapping,
    .left_class_cnt      = 68,
    .right_class_cnt     = 53,
};

/*--------------------
 *  ALL CUSTOM DATA
 *--------------------*/

#if LVGL_VERSION_MAJOR == 8
/*Store all the custom data of the font*/
static  lv_font_fmt_txt_glyph_cache_t cache;
#endif

#if LVGL_VERSION_MAJOR >= 8
static const lv_font_fmt_txt_dsc_t font_dsc = {
#else
static lv_font_fmt_txt_dsc_t font_dsc = {
#endif
    .glyph_bitmap = glyph_bitmap,
    .glyph_dsc = glyph_dsc,
    .cmaps = cmaps,
    .kern_dsc = &kern_classes,
    .kern_scale = 16,
    .cmap_num = 4,
    .bpp = 4,
    .kern_classes = 1,
    .bitmap_format = 0,
#if LVGL_VERSION_MAJOR == 8
    .cache = &cache
#endif
};



/*-----------------
 *  PUBLIC FONT
 *----------------*/

/*Initialize a public general font descriptor*/
#if LVGL_VERSION_MAJOR >= 8
const lv_font_t flex_font_outfit_19 = {
#else
lv_font_t flex_font_outfit_19 = {
#endif
    .get_glyph_dsc = lv_font_get_glyph_dsc_fmt_txt,    /*Function pointer to get glyph's data*/
    .get_glyph_bitmap = lv_font_get_bitmap_fmt_txt,    /*Function pointer to get glyph's bitmap*/
    .line_height = 24,          /*The maximum line height required by the font*/
    .base_line = 5,             /*Baseline measured from the bottom of the line*/
#if !(LVGL_VERSION_MAJOR == 6 && LVGL_VERSION_MINOR == 0)
    .subpx = LV_FONT_SUBPX_NONE,
#endif
#if LV_VERSION_CHECK(7, 4, 0) || LVGL_VERSION_MAJOR >= 8
    .underline_position = -2,
    .underline_thickness = 1,
#endif
    .dsc = &font_dsc,          /*The custom font data. Will be accessed by `get_glyph_bitmap/dsc` */
#if LV_VERSION_CHECK(8, 2, 0) || LVGL_VERSION_MAJOR >= 9
    .fallback = NULL,
#endif
    .user_data = NULL,
};



#endif /*#if FLEX_FONT_OUTFIT_19*/

